TransactionAmount,TransactionType,Location,Channel,CustomerAge,CustomerOccupation,TransactionDuration,LoginAttempts,AccountBalance,Target
14.09,Debit,San Diego,ATM,70.0,Doctor,81.0,1.0,5112.21,2
376.24,Debit,Houston,ATM,68.0,Doctor,141.0,1.0,13758.91,2
126.29,Debit,Mesa,Online,19.0,Student,56.0,1.0,1122.35,3
184.5,Debit,Raleigh,Online,26.0,Student,25.0,1.0,8569.06,3
92.15,Debit,Oklahoma City,ATM,18.0,Student,172.0,1.0,781.68,3
7.08,Credit,Seattle,ATM,37.0,Doctor,139.0,1.0,13316.71,1
171.42,Credit,Indianapolis,Branch,67.0,Retired,291.0,1.0,2796.24,1
106.23,Credit,Detroit,Branch,51.0,Engineer,86.0,1.0,9095.14,1
815.96,Debit,Nashville,ATM,55.0,Doctor,120.0,1.0,1021.88,2
17.78,Credit,Albuquerque,Online,52.0,Engineer,59.0,1.0,7599.52,1
190.02,Debit,Memphis,Online,21.0,Student,173.0,1.0,1528.81,3
494.52,Credit,Mesa,Branch,24.0,Student,111.0,1.0,1620.02,3
781.76,Debit,Memphis,ATM,26.0,Student,123.0,1.0,189.69,3
166.99,Debit,Louisville,Online,18.0,Student,134.0,1.0,299.93,3
465.45,Debit,Denver,ATM,36.0,Engineer,129.0,1.0,3465.54,2
555.8,Credit,Austin,Branch,19.0,Student,158.0,1.0,1131.26,3
492.93,Debit,Columbus,Online,39.0,Engineer,234.0,1.0,5109.97,2
18.68,Credit,Albuquerque,Branch,59.0,Retired,106.0,1.0,7948.37,1
71.48,Credit,Columbus,Online,18.0,Student,169.0,1.0,6568.59,3
59.32,Debit,Los Angeles,Branch,71.0,Retired,38.0,1.0,5750.89,2
85.77,Debit,Las Vegas,Branch,38.0,Doctor,93.0,1.0,9146.19,2
345.84,Debit,Fort Worth,Online,22.0,Student,142.0,3.0,1402.5,0
145.54,Debit,Raleigh,Online,21.0,Student,96.0,1.0,1930.96,3
7.49,Credit,Houston,Online,65.0,Retired,276.0,1.0,3634.67,1
246.93,Debit,Miami,ATM,23.0,Student,158.0,5.0,673.35,0
40.32,Debit,Milwaukee,Branch,37.0,Engineer,95.0,1.0,2686.52,2
127.45,Debit,Las Vegas,Online,44.0,Doctor,197.0,1.0,1772.06,2
56.17,Debit,Detroit,Branch,27.0,Student,283.0,1.0,1351.69,3
28.31,Credit,Miami,Online,59.0,Doctor,20.0,1.0,8334.47,1
59.12,Debit,Baltimore,ATM,29.0,Doctor,257.0,1.0,9823.64,2
396.45,Debit,New York,ATM,49.0,Engineer,168.0,3.0,9690.15,0
877.81,Debit,Los Angeles,Online,22.0,Student,150.0,1.0,399.0,3
255.26,Credit,San Francisco,Branch,45.0,Doctor,50.0,1.0,14815.87,1
124.76,Debit,Seattle,Branch,49.0,Engineer,45.0,1.0,5764.72,2
78.13,Debit,Milwaukee,Branch,26.0,Student,145.0,1.0,900.61,3
795.31,Debit,Mesa,ATM,66.0,Doctor,90.0,2.0,7914.88,2
335.63,Debit,Oklahoma City,Online,55.0,Retired,216.0,1.0,1019.39,2
328.47,Debit,San Antonio,ATM,63.0,Retired,119.0,1.0,4323.66,2
34.02,Debit,Philadelphia,Online,38.0,Doctor,19.0,1.0,14214.48,2
241.42,Credit,Charlotte,Online,57.0,Doctor,116.0,1.0,13357.02,1
55.32,Debit,Tucson,ATM,19.0,Student,117.0,1.0,241.79,3
304.31,Debit,Louisville,Branch,27.0,Student,33.0,1.0,868.61,3
164.49,Debit,Baltimore,Branch,26.0,Student,75.0,1.0,1509.27,3
510.24,Debit,Oklahoma City,Online,19.0,Student,105.0,1.0,781.7,3
626.9,Debit,Denver,Online,26.0,Student,138.0,1.0,265.51,3
425.34,Credit,Kansas City,Online,69.0,Retired,121.0,1.0,3907.54,1
85.43,Debit,Virginia Beach,Branch,67.0,Doctor,145.0,1.0,14904.9,2
169.5,Debit,San Diego,Branch,28.0,Student,142.0,1.0,918.88,3
104.63,Debit,Omaha,ATM,62.0,Retired,90.0,1.0,4477.78,2
316.95,Debit,Mesa,Branch,25.0,Student,83.0,1.0,1324.03,3
60.54,Credit,Columbus,Branch,57.0,Retired,52.0,1.0,3534.93,1
292.56,Credit,Dallas,Branch,68.0,Retired,61.0,1.0,4638.37,1
386.52,Debit,Indianapolis,Branch,48.0,Engineer,28.0,1.0,5630.61,2
112.07,Debit,Kansas City,Branch,23.0,Student,51.0,1.0,930.3,3
263.99,Debit,Dallas,Branch,79.0,Retired,227.0,2.0,4175.02,2
349.64,Debit,Las Vegas,Online,48.0,Engineer,226.0,1.0,6651.62,2
601.4,Credit,Philadelphia,Branch,56.0,Engineer,104.0,1.0,8458.29,1
5.77,Debit,Charlotte,Online,50.0,Doctor,124.0,1.0,13988.12,2
201.33,Credit,Nashville,Branch,42.0,Engineer,186.0,1.0,2585.07,1
298.42,Debit,Indianapolis,Branch,56.0,Retired,225.0,1.0,3014.75,2
521.06,Debit,Albuquerque,Branch,25.0,Student,128.0,1.0,1951.42,3
117.28,Credit,Austin,Online,60.0,Engineer,16.0,1.0,3665.77,1
133.55,Debit,Atlanta,ATM,44.0,Engineer,220.0,1.0,3846.28,2
143.21,Debit,Dallas,Online,35.0,Engineer,135.0,1.0,6374.82,2
24.77,Debit,Boston,ATM,62.0,Retired,55.0,1.0,5866.01,2
233.92,Credit,Jacksonville,Online,26.0,Student,280.0,1.0,6537.62,1
1212.51,Debit,Indianapolis,Branch,20.0,Student,24.0,1.0,605.95,3
91.53,Debit,Milwaukee,Branch,44.0,Doctor,69.0,1.0,14676.05,2
120.29,Debit,Miami,Branch,19.0,Student,77.0,1.0,1362.39,3
174.25,Debit,Seattle,Online,50.0,Doctor,67.0,1.0,10528.34,2
183.71,Debit,Denver,ATM,38.0,Engineer,102.0,1.0,552.52,2
922.55,Debit,Detroit,ATM,63.0,Retired,87.0,1.0,4715.84,2
259.91,Debit,Denver,Online,49.0,Doctor,170.0,1.0,7176.86,2
154.71,Debit,San Diego,Online,34.0,Doctor,157.0,1.0,1523.72,2
1340.19,Credit,Austin,Online,54.0,Engineer,30.0,1.0,8654.28,1
24.56,Debit,Mesa,Branch,64.0,Doctor,69.0,1.0,9869.93,2
9.61,Credit,San Diego,Online,58.0,Doctor,179.0,1.0,12883.91,1
392.96,Debit,Kansas City,Online,24.0,Student,100.0,1.0,791.65,3
716.93,Credit,Milwaukee,Online,60.0,Retired,34.0,1.0,4064.02,1
223.85,Debit,Kansas City,ATM,53.0,Engineer,55.0,4.0,2929.91,0
230.66,Debit,Houston,Branch,21.0,Student,135.0,1.0,618.05,3
644.17,Debit,San Antonio,ATM,29.0,Engineer,72.0,1.0,1143.52,3
508.68,Credit,Mesa,Branch,51.0,Engineer,127.0,1.0,7708.41,1
858.63,Credit,San Francisco,Branch,27.0,Student,185.0,1.0,1872.96,3
25.36,Debit,Louisville,ATM,57.0,Engineer,78.0,1.0,201.04,2
147.62,Debit,Charlotte,Branch,71.0,Retired,133.0,1.0,2115.8,2
115.02,Debit,San Antonio,Branch,37.0,Doctor,175.0,1.0,7643.66,2
383.37,Debit,Fort Worth,Branch,30.0,Engineer,24.0,1.0,8901.93,2
196.16,Debit,Virginia Beach,Branch,27.0,Engineer,146.0,1.0,9418.86,2
129.94,Debit,Las Vegas,ATM,32.0,Engineer,235.0,1.0,7954.92,2
306.9,Debit,Colorado Springs,Online,46.0,Engineer,51.0,1.0,9418.08,2
114.98,Debit,Seattle,Online,59.0,Retired,80.0,1.0,6144.68,2
756.59,Debit,Sacramento,Branch,27.0,Student,17.0,1.0,420.65,3
503.76,Debit,Los Angeles,Online,22.0,Student,35.0,1.0,447.82,3
143.03,Debit,San Antonio,ATM,63.0,Retired,147.0,1.0,7981.45,2
254.37,Credit,Dallas,Online,51.0,Engineer,174.0,1.0,8849.26,1
213.76,Credit,Dallas,ATM,78.0,Retired,282.0,1.0,3528.72,1
327.86,Debit,Fresno,Online,40.0,Engineer,104.0,1.0,480.16,2
2.5,Debit,San Diego,Online,47.0,Doctor,107.0,1.0,12145.27,2
300.08,Credit,Austin,Online,68.0,Doctor,47.0,1.0,13546.75,1
56.98,Credit,Oklahoma City,ATM,43.0,Engineer,122.0,2.0,5688.37,1
115.83,Debit,Fresno,Branch,39.0,Engineer,167.0,1.0,6481.04,2
53.57,Debit,Houston,ATM,69.0,Retired,121.0,1.0,1651.33,2
63.34,Credit,Detroit,Online,46.0,Doctor,165.0,1.0,11174.94,1
331.65,Debit,Portland,Online,41.0,Engineer,61.0,1.0,4172.57,2
5.04,Debit,Washington,ATM,56.0,Retired,41.0,1.0,5558.36,2
214.54,Credit,Detroit,Online,70.0,Doctor,247.0,1.0,11151.53,1
598.81,Debit,Philadelphia,Branch,57.0,Doctor,158.0,1.0,1415.52,2
841.28,Debit,Tucson,Online,26.0,Student,80.0,1.0,1103.64,3
38.15,Debit,Mesa,Online,26.0,Student,108.0,1.0,303.68,3
1036.66,Debit,San Antonio,Branch,58.0,Doctor,144.0,1.0,5541.57,2
124.72,Debit,Oklahoma City,Branch,33.0,Engineer,105.0,1.0,6309.8,2
302.45,Credit,San Antonio,Branch,78.0,Retired,40.0,1.0,5133.61,1
208.04,Debit,Louisville,Online,47.0,Engineer,273.0,1.0,9344.98,2
5.77,Credit,Los Angeles,Branch,23.0,Student,254.0,1.0,1117.97,3
381.33,Debit,Albuquerque,ATM,56.0,Doctor,75.0,1.0,11835.35,2
16.16,Debit,Milwaukee,ATM,50.0,Doctor,124.0,1.0,14401.17,2
486.08,Debit,Oklahoma City,Online,18.0,Student,68.0,1.0,1748.69,3
336.39,Debit,San Antonio,Branch,21.0,Student,18.0,1.0,1000.46,3
997.43,Debit,Seattle,Online,69.0,Doctor,118.0,1.0,6810.05,2
234.57,Debit,Chicago,Online,23.0,Student,120.0,1.0,263.98,3
6.0,Debit,Chicago,Online,30.0,Doctor,246.0,1.0,5442.76,2
1049.92,Debit,Detroit,ATM,80.0,Retired,21.0,1.0,2037.85,2
227.14,Debit,Charlotte,ATM,18.0,Student,294.0,1.0,341.94,3
45.85,Debit,Los Angeles,ATM,20.0,Student,92.0,1.0,1659.15,3
973.39,Debit,Sacramento,Branch,77.0,Retired,296.0,1.0,2042.22,2
415.5,Debit,Memphis,ATM,66.0,Doctor,141.0,1.0,10113.66,2
265.76,Debit,Philadelphia,Online,54.0,Retired,92.0,1.0,4446.17,2
69.4,Debit,Virginia Beach,Online,80.0,Retired,113.0,1.0,6452.77,2
332.93,Credit,Albuquerque,Branch,35.0,Engineer,293.0,1.0,2788.2,1
267.9,Debit,San Antonio,Online,20.0,Student,160.0,1.0,596.16,3
496.03,Debit,San Francisco,Branch,61.0,Doctor,265.0,1.0,12904.66,2
376.26,Debit,Tucson,ATM,37.0,Engineer,245.0,1.0,9062.4,2
83.02,Credit,Seattle,Online,36.0,Engineer,171.0,1.0,9009.56,1
93.26,Credit,New York,Online,20.0,Student,72.0,1.0,1152.2,3
803.37,Credit,Memphis,Branch,68.0,Doctor,129.0,1.0,12168.37,1
35.76,Debit,Charlotte,Branch,23.0,Student,122.0,1.0,611.86,3
28.53,Debit,Washington,Online,62.0,Doctor,99.0,1.0,8670.53,2
139.53,Credit,Louisville,Online,53.0,Doctor,177.0,1.0,10098.86,1
307.57,Debit,Detroit,Branch,33.0,Doctor,285.0,1.0,5307.74,2
60.65,Credit,Tucson,Branch,56.0,Retired,53.0,1.0,1047.28,1
74.86,Debit,Nashville,Branch,70.0,Doctor,125.0,1.0,6921.48,2
231.91,Debit,Memphis,ATM,34.0,Engineer,165.0,1.0,112.76,2
126.21,Debit,Baltimore,Branch,75.0,Retired,268.0,1.0,5669.66,2
506.28,Credit,Chicago,Online,53.0,Retired,162.0,2.0,1309.95,1
304.35,Debit,Houston,Branch,31.0,Engineer,36.0,1.0,4057.1,2
281.85,Debit,Detroit,ATM,22.0,Student,109.0,1.0,1585.98,3
777.88,Debit,Houston,Branch,31.0,Engineer,17.0,1.0,6825.55,2
119.18,Debit,Los Angeles,Branch,56.0,Retired,96.0,1.0,5516.5,2
177.19,Debit,Chicago,Online,76.0,Retired,43.0,1.0,5343.3,2
260.88,Debit,Denver,Branch,22.0,Student,36.0,1.0,903.05,3
169.47,Debit,Chicago,Online,24.0,Student,19.0,1.0,1806.16,3
73.23,Debit,Portland,Branch,26.0,Student,14.0,1.0,787.74,3
792.57,Debit,Baltimore,ATM,19.0,Student,164.0,1.0,770.37,3
237.06,Debit,Phoenix,Online,71.0,Retired,46.0,1.0,1182.77,2
34.17,Credit,Philadelphia,Online,54.0,Engineer,54.0,1.0,726.55,1
740.25,Debit,Philadelphia,Online,41.0,Doctor,123.0,1.0,14464.3,2
453.54,Debit,Albuquerque,ATM,58.0,Doctor,82.0,1.0,12046.3,2
300.47,Debit,Jacksonville,Branch,73.0,Retired,100.0,1.0,7885.64,2
110.93,Credit,Virginia Beach,Branch,19.0,Student,201.0,1.0,1952.35,3
201.69,Debit,Las Vegas,ATM,59.0,Doctor,299.0,1.0,7328.52,2
399.21,Debit,Portland,ATM,59.0,Engineer,109.0,1.0,3210.39,2
1041.88,Debit,Jacksonville,Online,78.0,Retired,57.0,1.0,5726.2,2
630.36,Debit,Mesa,ATM,62.0,Retired,52.0,1.0,1363.65,2
10.94,Credit,Philadelphia,ATM,60.0,Engineer,245.0,1.0,1241.99,1
215.9,Debit,Los Angeles,ATM,38.0,Doctor,235.0,1.0,7873.28,2
1422.55,Debit,Washington,Branch,79.0,Retired,165.0,1.0,5674.32,2
444.89,Credit,Las Vegas,Branch,43.0,Doctor,101.0,1.0,10328.23,1
280.57,Credit,Virginia Beach,Online,25.0,Student,24.0,1.0,293.24,3
3.3,Credit,Los Angeles,Branch,50.0,Doctor,131.0,1.0,11385.37,1
20.36,Debit,Tucson,Branch,62.0,Retired,75.0,1.0,2762.48,2
493.11,Debit,Colorado Springs,Branch,53.0,Retired,236.0,1.0,7432.99,2
307.41,Debit,Los Angeles,ATM,19.0,Student,14.0,1.0,1057.0,3
11.18,Debit,Atlanta,Online,43.0,Doctor,161.0,1.0,5956.89,2
313.82,Debit,Tucson,Branch,59.0,Engineer,151.0,1.0,7261.59,2
288.04,Debit,Denver,ATM,68.0,Retired,63.0,1.0,1748.02,2
800.55,Debit,Oklahoma City,ATM,31.0,Engineer,108.0,1.0,9660.22,2
485.54,Debit,Houston,ATM,46.0,Engineer,143.0,1.0,6371.51,2
521.15,Debit,Kansas City,ATM,54.0,Doctor,214.0,1.0,9442.47,2
304.93,Debit,Portland,ATM,65.0,Doctor,158.0,1.0,13531.22,2
694.2,Debit,Milwaukee,ATM,61.0,Retired,72.0,1.0,1389.37,2
116.86,Debit,Louisville,ATM,55.0,Engineer,171.0,1.0,6706.56,2
74.88,Debit,Atlanta,ATM,25.0,Student,202.0,1.0,420.67,3
890.24,Credit,Las Vegas,Online,33.0,Engineer,161.0,1.0,5140.93,1
361.27,Debit,Omaha,ATM,63.0,Doctor,180.0,1.0,7945.57,2
131.56,Debit,Charlotte,Branch,44.0,Doctor,42.0,1.0,5873.54,2
485.51,Credit,Milwaukee,Online,76.0,Retired,37.0,1.0,3074.45,1
547.87,Debit,Columbus,ATM,64.0,Retired,131.0,1.0,6155.76,2
457.3,Debit,Virginia Beach,Online,28.0,Engineer,15.0,1.0,8318.29,2
506.24,Debit,Chicago,ATM,58.0,Engineer,64.0,1.0,230.09,2
486.59,Debit,Indianapolis,Branch,57.0,Retired,119.0,1.0,2513.56,2
163.68,Debit,San Diego,Branch,41.0,Doctor,292.0,1.0,10090.05,2
581.65,Debit,Boston,ATM,22.0,Student,176.0,1.0,480.19,3
523.74,Debit,Oklahoma City,ATM,43.0,Doctor,159.0,1.0,13498.55,2
705.6,Debit,Phoenix,Branch,40.0,Doctor,124.0,3.0,14804.7,0
91.48,Debit,Fort Worth,ATM,51.0,Doctor,141.0,1.0,14942.78,2
5.25,Debit,San Jose,ATM,39.0,Doctor,49.0,1.0,14143.32,2
54.03,Credit,Milwaukee,ATM,56.0,Retired,161.0,1.0,6736.3,1
736.73,Debit,Memphis,Branch,48.0,Engineer,10.0,1.0,3313.07,2
33.06,Credit,Fort Worth,Online,53.0,Retired,170.0,1.0,1540.87,1
66.5,Credit,Louisville,Online,32.0,Engineer,144.0,1.0,6820.23,1
588.54,Debit,Portland,Branch,32.0,Engineer,130.0,1.0,714.45,3
173.5,Debit,Nashville,ATM,21.0,Student,282.0,1.0,1306.91,3
78.33,Credit,Memphis,Online,56.0,Engineer,189.0,1.0,7255.33,1
40.66,Debit,Louisville,Branch,59.0,Retired,156.0,1.0,1153.84,2
97.22,Credit,Atlanta,Branch,77.0,Retired,55.0,1.0,6647.73,1
34.07,Debit,Philadelphia,Branch,22.0,Student,81.0,1.0,8709.77,3
492.06,Debit,Fresno,Online,23.0,Student,74.0,1.0,857.9,3
842.01,Credit,Virginia Beach,Online,53.0,Doctor,185.0,1.0,509.45,1
73.55,Debit,Atlanta,ATM,51.0,Engineer,158.0,1.0,2812.06,2
760.53,Debit,Phoenix,Online,57.0,Engineer,118.0,1.0,6179.91,2
371.69,Debit,San Francisco,Branch,67.0,Retired,143.0,1.0,3484.32,2
218.96,Debit,Seattle,ATM,18.0,Student,13.0,1.0,754.21,3
227.39,Debit,Atlanta,Online,18.0,Student,65.0,1.0,751.09,3
237.99,Credit,Kansas City,Branch,39.0,Doctor,86.0,1.0,8510.09,1
341.15,Debit,San Jose,Online,18.0,Student,148.0,1.0,511.37,3
434.58,Debit,Memphis,ATM,59.0,Doctor,215.0,1.0,12648.32,2
312.88,Credit,Portland,Branch,54.0,Engineer,44.0,1.0,233.21,1
75.15,Debit,Boston,ATM,23.0,Student,154.0,1.0,1092.92,3
23.3,Debit,Los Angeles,ATM,59.0,Engineer,161.0,1.0,6711.15,2
47.38,Credit,Seattle,Online,25.0,Student,61.0,1.0,459.37,3
488.15,Debit,Louisville,Branch,43.0,Engineer,168.0,1.0,7071.09,2
12.82,Debit,Fort Worth,ATM,44.0,Engineer,156.0,1.0,9045.19,2
535.91,Debit,Las Vegas,Online,43.0,Engineer,22.0,1.0,9642.12,2
270.72,Credit,Washington,Online,26.0,Engineer,53.0,1.0,6263.96,1
97.98,Debit,Denver,Branch,72.0,Retired,18.0,1.0,7460.33,2
196.08,Debit,San Francisco,Online,61.0,Retired,98.0,1.0,4233.82,2
251.18,Debit,San Jose,ATM,42.0,Engineer,246.0,1.0,8303.9,2
44.52,Debit,El Paso,Online,28.0,Student,205.0,1.0,314.28,3
178.87,Debit,Baltimore,Online,35.0,Doctor,180.0,1.0,5241.23,2
1176.28,Credit,Kansas City,ATM,54.0,Engineer,174.0,5.0,323.69,0
386.68,Debit,New York,Branch,46.0,Doctor,128.0,1.0,6863.06,2
167.14,Debit,Denver,Online,76.0,Retired,20.0,1.0,3877.73,2
345.22,Debit,Fresno,Branch,69.0,Retired,253.0,1.0,4046.58,2
74.85,Debit,Raleigh,ATM,72.0,Retired,117.0,1.0,2409.73,2
671.73,Debit,Washington,Branch,58.0,Engineer,54.0,1.0,5211.88,2
255.04,Debit,Seattle,ATM,45.0,Engineer,152.0,1.0,6217.86,2
45.77,Debit,Philadelphia,Online,25.0,Student,109.0,1.0,5978.12,3
329.69,Credit,San Antonio,Online,26.0,Student,66.0,1.0,1671.66,3
362.04,Credit,Philadelphia,Branch,58.0,Doctor,198.0,2.0,8421.88,1
47.42,Debit,San Diego,ATM,64.0,Doctor,28.0,1.0,8253.52,2
35.99,Debit,Miami,Branch,63.0,Retired,129.0,1.0,4489.79,2
151.19,Credit,New York,Branch,37.0,Doctor,96.0,1.0,11903.82,1
242.62,Credit,San Francisco,Online,22.0,Student,234.0,1.0,483.02,3
48.72,Debit,Virginia Beach,Branch,21.0,Student,17.0,1.0,816.08,3
43.46,Debit,Boston,ATM,25.0,Student,80.0,1.0,578.06,3
1036.21,Debit,Omaha,Online,25.0,Student,126.0,1.0,477.3,3
443.79,Debit,Las Vegas,ATM,53.0,Retired,87.0,1.0,3133.85,2
365.14,Debit,Dallas,Online,68.0,Retired,57.0,1.0,5894.09,2
757.41,Debit,Los Angeles,ATM,22.0,Student,37.0,1.0,9532.42,3
20.54,Debit,Fort Worth,Branch,51.0,Engineer,72.0,1.0,5327.03,2
475.36,Debit,Phoenix,ATM,34.0,Engineer,105.0,1.0,2000.6,2
34.74,Debit,San Francisco,ATM,56.0,Retired,24.0,1.0,6827.57,2
211.18,Debit,Washington,ATM,73.0,Retired,90.0,1.0,4069.17,2
211.36,Credit,Fort Worth,Branch,51.0,Engineer,286.0,1.0,7943.47,1
744.41,Credit,Houston,Online,39.0,Engineer,107.0,1.0,8842.47,1
61.43,Debit,Phoenix,Online,24.0,Student,170.0,1.0,1882.77,3
167.44,Debit,Mesa,Branch,37.0,Doctor,82.0,1.0,12526.71,2
361.46,Debit,Nashville,Online,21.0,Student,83.0,1.0,4737.84,3
378.85,Debit,Virginia Beach,Branch,78.0,Retired,126.0,1.0,2300.53,2
241.11,Debit,Columbus,Branch,30.0,Doctor,55.0,1.0,12385.05,2
131.93,Credit,Fort Worth,Branch,31.0,Engineer,13.0,1.0,4547.06,1
1221.65,Debit,Denver,Online,27.0,Student,153.0,1.0,243.92,3
485.54,Debit,Louisville,Online,19.0,Student,148.0,1.0,1533.32,3
321.15,Debit,Los Angeles,Branch,46.0,Doctor,179.0,1.0,7005.05,2
711.3,Debit,San Jose,Branch,21.0,Student,51.0,1.0,955.4,3
12.23,Debit,Houston,ATM,42.0,Engineer,139.0,1.0,7844.88,2
350.94,Debit,Colorado Springs,ATM,20.0,Student,64.0,1.0,221.56,3
301.85,Debit,Columbus,Online,54.0,Engineer,25.0,1.0,6586.19,2
29.34,Debit,Louisville,Online,65.0,Retired,30.0,1.0,3944.82,2
231.71,Debit,Raleigh,Branch,27.0,Student,148.0,1.0,1127.98,3
179.43,Debit,Oklahoma City,ATM,58.0,Retired,244.0,1.0,2626.63,2
36.71,Debit,Jacksonville,Branch,48.0,Doctor,55.0,1.0,6459.38,2
138.12,Credit,Los Angeles,Branch,53.0,Doctor,281.0,1.0,1649.69,1
233.24,Debit,Louisville,ATM,33.0,Engineer,72.0,1.0,6939.23,2
436.64,Debit,Los Angeles,Branch,31.0,Doctor,111.0,1.0,14365.18,2
870.43,Debit,Los Angeles,Branch,29.0,Doctor,55.0,1.0,10115.18,2
354.4,Debit,Chicago,ATM,74.0,Retired,128.0,1.0,7358.65,2
22.63,Debit,Kansas City,Online,53.0,Engineer,112.0,1.0,4438.03,2
182.19,Debit,Mesa,Branch,26.0,Student,53.0,1.0,1176.1,3
126.81,Debit,Philadelphia,Branch,26.0,Engineer,290.0,1.0,5427.98,2
288.17,Debit,Virginia Beach,Online,37.0,Engineer,50.0,1.0,3653.11,2
118.77,Debit,Atlanta,Branch,55.0,Engineer,123.0,1.0,2104.82,2
651.82,Debit,Indianapolis,ATM,21.0,Student,166.0,1.0,1802.77,3
66.65,Debit,Detroit,ATM,37.0,Engineer,33.0,1.0,3559.96,2
98.53,Debit,Denver,Branch,69.0,Retired,166.0,1.0,3564.8,2
138.95,Debit,Washington,Online,71.0,Retired,30.0,1.0,6752.92,2
33.89,Debit,Nashville,Branch,26.0,Student,177.0,1.0,1444.75,3
23.71,Debit,Atlanta,Branch,58.0,Doctor,164.0,1.0,10788.89,2
1830.0,Debit,San Antonio,Online,55.0,Engineer,238.0,1.0,2235.7,2
26.06,Debit,San Diego,ATM,65.0,Doctor,283.0,1.0,12893.63,2
17.07,Debit,Los Angeles,Branch,27.0,Engineer,44.0,1.0,2798.15,2
703.89,Debit,San Antonio,Online,46.0,Engineer,62.0,1.0,3583.67,2
1271.9,Debit,Houston,ATM,47.0,Engineer,155.0,1.0,2120.8,2
26.55,Debit,Houston,ATM,77.0,Retired,228.0,1.0,3085.38,2
147.4,Debit,San Jose,Branch,42.0,Engineer,259.0,1.0,6797.71,2
202.11,Debit,Memphis,ATM,27.0,Student,18.0,1.0,746.47,3
308.42,Debit,Nashville,Branch,75.0,Retired,39.0,1.0,5427.81,2
11.18,Debit,Miami,ATM,53.0,Engineer,144.0,1.0,7467.3,2
294.15,Debit,Fresno,Online,38.0,Engineer,136.0,1.0,6362.16,2
139.45,Debit,Boston,Online,27.0,Student,31.0,1.0,1305.76,3
432.63,Debit,Colorado Springs,ATM,29.0,Doctor,137.0,1.0,13648.36,2
131.43,Debit,Charlotte,Online,43.0,Doctor,65.0,1.0,1337.5,2
516.72,Debit,Mesa,ATM,42.0,Engineer,128.0,1.0,2015.69,2
374.5,Credit,San Francisco,Branch,26.0,Student,178.0,1.0,1671.51,3
166.13,Debit,Omaha,ATM,68.0,Doctor,227.0,1.0,11822.53,2
626.9,Debit,Chicago,ATM,23.0,Student,146.0,1.0,587.11,3
466.85,Debit,Austin,Branch,56.0,Retired,165.0,1.0,5422.53,2
788.84,Debit,Phoenix,Online,58.0,Retired,231.0,1.0,1913.73,2
525.28,Debit,Colorado Springs,ATM,69.0,Retired,134.0,1.0,4693.6,2
632.69,Debit,Denver,ATM,80.0,Retired,76.0,1.0,4363.74,2
124.35,Debit,Oklahoma City,ATM,72.0,Retired,90.0,1.0,3319.76,2
43.85,Debit,Fresno,ATM,62.0,Retired,122.0,1.0,4356.98,2
283.81,Debit,San Diego,Branch,28.0,Student,29.0,1.0,1519.35,3
168.53,Debit,San Francisco,ATM,71.0,Retired,112.0,1.0,5962.58,2
218.59,Credit,Denver,Branch,40.0,Engineer,123.0,1.0,6699.23,1
132.84,Debit,Oklahoma City,ATM,21.0,Student,143.0,1.0,822.73,3
157.37,Credit,Dallas,Branch,42.0,Doctor,289.0,1.0,13964.31,1
144.77,Debit,Albuquerque,Online,20.0,Student,159.0,1.0,867.32,3
643.22,Debit,Atlanta,ATM,64.0,Doctor,93.0,1.0,1035.86,2
1392.54,Debit,El Paso,Branch,41.0,Doctor,297.0,1.0,13347.69,2
208.07,Debit,Oklahoma City,Online,32.0,Doctor,36.0,1.0,8478.9,2
295.5,Debit,Mesa,ATM,59.0,Retired,36.0,1.0,6280.66,2
30.23,Debit,Austin,ATM,44.0,Doctor,99.0,1.0,481.13,2
180.24,Debit,Phoenix,Branch,58.0,Engineer,144.0,1.0,8431.23,2
13.71,Credit,Denver,Online,38.0,Engineer,148.0,1.0,8342.79,1
96.54,Debit,New York,Branch,58.0,Retired,95.0,1.0,7182.22,2
101.04,Debit,San Antonio,ATM,27.0,Student,160.0,1.0,1695.57,3
39.66,Debit,Virginia Beach,Branch,52.0,Engineer,169.0,1.0,8497.34,2
99.36,Debit,Seattle,ATM,40.0,Doctor,46.0,1.0,1272.12,2
123.85,Debit,Las Vegas,Online,56.0,Engineer,244.0,1.0,3959.62,2
426.93,Debit,Omaha,ATM,19.0,Student,248.0,1.0,476.19,3
133.73,Credit,San Jose,Online,25.0,Student,123.0,1.0,1872.22,3
222.39,Debit,Virginia Beach,Online,49.0,Engineer,73.0,1.0,3117.39,2
215.94,Credit,Virginia Beach,Online,22.0,Student,140.0,1.0,1841.69,3
6.3,Debit,Columbus,Branch,80.0,Retired,283.0,5.0,7697.68,0
131.46,Debit,Charlotte,Branch,67.0,Retired,258.0,1.0,6642.33,2
202.86,Credit,Memphis,Branch,61.0,Doctor,149.0,1.0,7642.25,1
268.39,Debit,Miami,ATM,26.0,Student,171.0,1.0,136.74,3
194.85,Debit,Jacksonville,Online,23.0,Student,130.0,4.0,319.84,0
353.82,Debit,Milwaukee,ATM,42.0,Doctor,143.0,1.0,705.75,2
364.42,Debit,Colorado Springs,ATM,51.0,Engineer,146.0,1.0,8119.73,2
195.12,Debit,Louisville,ATM,46.0,Doctor,144.0,1.0,6101.15,2
230.61,Debit,Raleigh,Branch,80.0,Retired,204.0,1.0,2561.42,2
739.28,Credit,Tucson,Branch,58.0,Doctor,47.0,1.0,11905.64,1
390.35,Credit,Omaha,ATM,64.0,Doctor,61.0,1.0,7095.88,1
242.03,Debit,Dallas,Online,58.0,Engineer,124.0,1.0,4382.73,2
242.39,Credit,San Antonio,ATM,18.0,Student,271.0,1.0,1328.73,3
135.03,Debit,San Francisco,ATM,23.0,Student,180.0,1.0,1278.0,3
193.54,Debit,Oklahoma City,Branch,80.0,Retired,267.0,1.0,2929.51,2
775.23,Credit,Albuquerque,Online,59.0,Doctor,38.0,1.0,5977.59,1
266.57,Debit,El Paso,ATM,72.0,Retired,100.0,1.0,7676.92,2
153.4,Debit,Mesa,ATM,45.0,Engineer,144.0,1.0,4657.7,2
946.94,Debit,Charlotte,Branch,53.0,Retired,251.0,1.0,5579.11,2
5.12,Debit,New York,Branch,34.0,Engineer,90.0,1.0,3293.01,2
119.11,Debit,Detroit,ATM,57.0,Engineer,131.0,1.0,7998.25,2
1096.7,Debit,Colorado Springs,Online,24.0,Student,147.0,1.0,1093.89,3
119.72,Debit,Tucson,Branch,30.0,Engineer,123.0,1.0,3435.34,2
107.4,Debit,Virginia Beach,Online,58.0,Doctor,32.0,1.0,344.07,2
115.92,Debit,Raleigh,ATM,53.0,Retired,57.0,1.0,3897.17,2
438.04,Debit,Philadelphia,ATM,67.0,Retired,247.0,1.0,5358.95,2
677.29,Debit,Houston,Online,27.0,Engineer,287.0,1.0,627.79,3
296.0,Debit,Las Vegas,Branch,35.0,Doctor,248.0,1.0,7418.82,2
299.09,Credit,Boston,Branch,36.0,Engineer,84.0,1.0,5615.26,1
461.52,Credit,Denver,Branch,24.0,Student,44.0,1.0,1995.18,3
100.52,Debit,Las Vegas,ATM,50.0,Engineer,110.0,1.0,453.39,2
85.35,Debit,Washington,ATM,66.0,Retired,166.0,1.0,2173.76,2
79.76,Debit,Raleigh,Branch,39.0,Engineer,170.0,1.0,6452.14,2
778.49,Credit,Omaha,Online,75.0,Retired,107.0,1.0,7713.67,1
386.38,Debit,Phoenix,Online,42.0,Engineer,135.0,1.0,5528.36,2
14.29,Debit,Los Angeles,ATM,34.0,Engineer,150.0,1.0,7016.99,2
232.79,Credit,Indianapolis,Branch,55.0,Retired,145.0,1.0,2661.3,1
1237.56,Credit,Austin,Branch,60.0,Engineer,159.0,1.0,9410.17,1
293.97,Debit,Phoenix,Branch,68.0,Retired,153.0,1.0,7371.85,2
136.32,Debit,Miami,Online,19.0,Student,113.0,1.0,264.83,3
251.06,Debit,Colorado Springs,Online,36.0,Doctor,34.0,1.0,10001.66,2
50.17,Credit,Sacramento,ATM,77.0,Retired,35.0,1.0,7752.14,1
21.4,Debit,Fresno,Branch,34.0,Engineer,258.0,1.0,9594.11,2
73.28,Debit,Boston,Branch,21.0,Student,21.0,1.0,1329.41,3
70.23,Debit,Memphis,ATM,38.0,Doctor,260.0,1.0,11624.93,2
689.29,Debit,El Paso,ATM,22.0,Student,100.0,1.0,168.84,3
745.03,Debit,Fort Worth,Online,28.0,Student,231.0,1.0,160.57,3
54.61,Debit,Milwaukee,ATM,58.0,Engineer,160.0,1.0,7135.64,2
54.05,Debit,Louisville,Branch,27.0,Student,146.0,1.0,469.14,3
107.47,Debit,Austin,Online,67.0,Retired,144.0,1.0,7517.5,2
611.11,Debit,Detroit,ATM,20.0,Student,282.0,4.0,919.84,0
219.63,Debit,Charlotte,ATM,48.0,Doctor,44.0,1.0,8013.63,2
93.52,Debit,Philadelphia,Online,51.0,Engineer,97.0,1.0,2791.2,2
275.92,Credit,Nashville,Branch,62.0,Retired,107.0,1.0,1777.38,1
376.79,Debit,Milwaukee,Branch,68.0,Retired,265.0,1.0,7749.14,2
697.32,Debit,Atlanta,Online,68.0,Retired,91.0,1.0,2016.02,2
302.16,Debit,Kansas City,Online,80.0,Retired,138.0,5.0,3876.61,0
442.74,Debit,San Diego,Branch,23.0,Student,136.0,1.0,1790.27,3
623.9,Debit,San Jose,ATM,27.0,Student,249.0,1.0,711.47,3
445.41,Debit,Fresno,ATM,35.0,Doctor,235.0,3.0,12154.66,0
63.41,Debit,Fort Worth,ATM,26.0,Student,36.0,1.0,1546.22,3
346.85,Debit,Kansas City,ATM,44.0,Doctor,88.0,1.0,7208.15,2
7.5,Debit,Dallas,Online,63.0,Retired,36.0,1.0,6485.78,2
206.46,Debit,Virginia Beach,ATM,65.0,Retired,279.0,1.0,3984.38,2
423.11,Debit,Columbus,ATM,60.0,Engineer,47.0,1.0,412.78,2
35.84,Credit,Colorado Springs,Online,54.0,Retired,172.0,1.0,4795.65,1
88.6,Credit,Raleigh,Branch,28.0,Student,105.0,1.0,246.57,3
1431.3,Debit,Oklahoma City,ATM,18.0,Student,168.0,1.0,1058.13,3
22.46,Debit,New York,Online,54.0,Retired,78.0,1.0,6631.5,2
334.89,Debit,Fort Worth,Online,21.0,Student,260.0,1.0,1661.68,3
319.27,Credit,Omaha,Online,54.0,Retired,59.0,1.0,5504.01,1
144.3,Debit,Oklahoma City,ATM,18.0,Student,88.0,1.0,312.19,3
348.7,Credit,Fresno,Branch,69.0,Retired,149.0,1.0,2445.58,1
366.21,Debit,Oklahoma City,ATM,62.0,Doctor,181.0,1.0,10862.99,2
99.11,Debit,Philadelphia,Online,55.0,Retired,12.0,1.0,5414.87,2
539.35,Debit,Milwaukee,ATM,55.0,Retired,127.0,1.0,3919.44,2
188.99,Debit,Oklahoma City,Branch,58.0,Engineer,92.0,1.0,7315.34,2
1416.69,Debit,Nashville,ATM,46.0,Engineer,58.0,1.0,3740.73,2
710.14,Debit,El Paso,ATM,26.0,Student,227.0,1.0,465.63,3
308.68,Debit,Milwaukee,Online,53.0,Doctor,170.0,1.0,9992.36,2
166.68,Debit,Mesa,ATM,57.0,Retired,139.0,1.0,5141.19,2
505.19,Debit,Kansas City,ATM,30.0,Doctor,128.0,5.0,5326.68,0
66.58,Debit,Raleigh,Branch,23.0,Student,79.0,1.0,1636.32,3
223.43,Debit,Dallas,Branch,77.0,Retired,178.0,1.0,7932.41,2
659.95,Debit,Detroit,Online,60.0,Engineer,114.0,1.0,3927.69,2
634.86,Debit,Chicago,ATM,27.0,Student,45.0,1.0,588.5,3
286.5,Credit,Boston,Branch,30.0,Engineer,60.0,1.0,8517.95,1
322.96,Credit,Philadelphia,Branch,76.0,Retired,168.0,1.0,2401.59,1
654.48,Debit,Columbus,Branch,19.0,Student,114.0,1.0,6776.41,3
157.97,Debit,Philadelphia,Branch,48.0,Doctor,140.0,1.0,5529.92,2
254.77,Debit,Denver,Branch,57.0,Engineer,57.0,1.0,5994.87,2
795.96,Debit,Raleigh,Online,65.0,Retired,119.0,1.0,5468.58,2
149.25,Debit,Omaha,ATM,39.0,Engineer,142.0,1.0,5677.52,2
68.19,Credit,Fresno,Online,40.0,Doctor,189.0,1.0,9895.1,1
37.57,Debit,El Paso,ATM,57.0,Retired,42.0,1.0,7739.54,2
127.0,Credit,Nashville,Branch,19.0,Student,68.0,5.0,431.16,0
448.33,Debit,Atlanta,ATM,25.0,Student,161.0,1.0,922.19,3
1116.48,Debit,San Diego,ATM,51.0,Engineer,55.0,1.0,447.53,2
8.65,Debit,Las Vegas,Online,48.0,Doctor,273.0,1.0,10778.35,2
539.81,Debit,San Francisco,Online,46.0,Engineer,177.0,1.0,2051.25,2
363.53,Debit,Kansas City,ATM,63.0,Retired,142.0,1.0,1038.91,2
64.9,Credit,Detroit,Branch,51.0,Retired,72.0,1.0,6854.61,1
358.18,Debit,Boston,ATM,18.0,Student,157.0,1.0,619.86,3
167.2,Debit,San Antonio,Branch,30.0,Doctor,84.0,1.0,11320.83,2
121.91,Debit,Chicago,Branch,60.0,Doctor,133.0,1.0,14510.8,2
137.57,Debit,Louisville,Online,54.0,Engineer,70.0,1.0,5103.67,2
534.62,Debit,Oklahoma City,Online,55.0,Doctor,45.0,1.0,13793.53,2
463.92,Debit,Mesa,Online,50.0,Engineer,199.0,1.0,2403.39,2
320.14,Debit,Milwaukee,Online,60.0,Retired,96.0,1.0,3075.97,2
214.93,Debit,Albuquerque,Online,28.0,Student,52.0,1.0,7835.4,3
660.02,Debit,Nashville,Branch,20.0,Student,84.0,1.0,414.43,3
345.81,Debit,Raleigh,Branch,40.0,Engineer,135.0,1.0,6116.8,2
143.54,Debit,Philadelphia,ATM,71.0,Retired,80.0,1.0,6067.62,2
1063.25,Credit,Omaha,Online,21.0,Student,128.0,1.0,1240.71,3
541.79,Debit,Mesa,ATM,22.0,Student,125.0,1.0,1454.08,3
40.57,Debit,Columbus,Branch,26.0,Student,63.0,1.0,1476.91,3
120.24,Debit,Milwaukee,Branch,18.0,Student,131.0,2.0,1943.13,3
498.67,Debit,Miami,Online,28.0,Student,244.0,1.0,1719.97,3
227.22,Debit,El Paso,ATM,53.0,Doctor,220.0,1.0,832.82,2
1182.86,Debit,Tucson,Online,30.0,Engineer,34.0,1.0,7696.16,2
59.44,Debit,Chicago,Online,35.0,Engineer,176.0,1.0,5472.03,2
230.46,Debit,Mesa,Online,19.0,Student,179.0,1.0,162.53,3
65.09,Credit,Seattle,Online,44.0,Engineer,159.0,1.0,9370.9,1
457.09,Credit,Nashville,Online,55.0,Engineer,63.0,1.0,8570.82,1
552.02,Credit,Chicago,ATM,44.0,Engineer,100.0,1.0,522.08,1
377.12,Debit,Houston,ATM,34.0,Engineer,61.0,1.0,836.67,2
204.56,Credit,San Diego,Branch,18.0,Student,179.0,1.0,364.72,3
420.28,Debit,Washington,Branch,35.0,Doctor,144.0,1.0,8557.32,2
97.09,Debit,Fort Worth,ATM,24.0,Student,202.0,4.0,1579.57,0
124.59,Debit,Charlotte,Branch,27.0,Student,171.0,1.0,129.29,3
73.88,Debit,Charlotte,Online,39.0,Doctor,34.0,1.0,6474.41,2
106.16,Debit,Phoenix,ATM,56.0,Doctor,277.0,4.0,7487.79,0
245.93,Debit,Fresno,Branch,54.0,Engineer,172.0,1.0,7986.63,2
622.41,Debit,Indianapolis,ATM,64.0,Doctor,125.0,1.0,7322.01,2
43.73,Debit,Omaha,ATM,34.0,Doctor,145.0,1.0,9929.43,2
1282.86,Debit,Austin,Branch,19.0,Student,68.0,1.0,1830.98,3
2.03,Credit,Detroit,ATM,33.0,Engineer,28.0,1.0,3012.31,1
770.65,Debit,Jacksonville,Online,31.0,Doctor,137.0,1.0,7198.8,2
260.31,Debit,Austin,Branch,63.0,Doctor,113.0,1.0,10980.38,2
356.1,Credit,Fort Worth,Branch,26.0,Student,187.0,1.0,868.35,3
27.07,Credit,Virginia Beach,Branch,80.0,Retired,39.0,1.0,3773.29,1
119.89,Debit,Tucson,ATM,67.0,Doctor,60.0,1.0,6697.77,2
106.39,Debit,Virginia Beach,Online,37.0,Doctor,281.0,1.0,9410.99,2
12.04,Debit,Fort Worth,Online,37.0,Engineer,58.0,1.0,6213.32,2
365.7,Debit,Houston,Branch,21.0,Student,115.0,2.0,368.78,3
29.38,Credit,Baltimore,Branch,28.0,Student,63.0,1.0,1663.31,3
319.85,Debit,Denver,ATM,60.0,Doctor,148.0,1.0,711.66,2
350.14,Credit,Los Angeles,Online,75.0,Retired,38.0,1.0,2403.25,1
163.94,Credit,Virginia Beach,Branch,52.0,Retired,73.0,1.0,5957.37,1
170.53,Debit,Oklahoma City,Branch,24.0,Student,58.0,1.0,801.01,3
41.49,Debit,Albuquerque,Online,24.0,Student,13.0,1.0,928.33,3
121.43,Credit,Sacramento,Branch,52.0,Engineer,243.0,1.0,7365.28,1
350.46,Debit,Nashville,Branch,51.0,Retired,165.0,1.0,5839.38,2
220.41,Credit,El Paso,Online,26.0,Engineer,155.0,1.0,5116.98,1
33.46,Debit,Seattle,ATM,72.0,Retired,111.0,1.0,3641.07,2
104.79,Debit,Denver,ATM,70.0,Doctor,223.0,1.0,1352.19,2
246.27,Debit,Fresno,Online,29.0,Doctor,141.0,1.0,7299.86,2
48.85,Debit,Dallas,ATM,19.0,Student,176.0,1.0,1503.56,3
332.0,Debit,Charlotte,ATM,69.0,Retired,17.0,1.0,5943.13,2
118.1,Debit,Memphis,Online,54.0,Engineer,167.0,1.0,895.66,2
84.59,Credit,Las Vegas,Branch,67.0,Doctor,10.0,1.0,5669.1,1
295.64,Debit,Jacksonville,Online,21.0,Student,82.0,1.0,1061.96,3
514.33,Debit,Philadelphia,Branch,25.0,Student,160.0,1.0,1592.94,3
94.59,Debit,Washington,Online,39.0,Doctor,34.0,1.0,6171.89,2
80.43,Debit,Columbus,Branch,59.0,Retired,157.0,1.0,5987.67,2
54.25,Debit,Virginia Beach,Online,68.0,Doctor,37.0,1.0,14783.33,2
178.88,Credit,Dallas,Branch,76.0,Retired,93.0,4.0,4708.29,0
518.85,Debit,Kansas City,Online,22.0,Student,82.0,1.0,1806.0,3
10.65,Debit,Louisville,Online,54.0,Doctor,161.0,1.0,13240.72,2
107.03,Debit,Miami,Branch,27.0,Student,73.0,1.0,1408.07,3
139.57,Debit,Fort Worth,ATM,19.0,Student,263.0,3.0,271.78,0
346.11,Debit,Dallas,Branch,41.0,Engineer,213.0,1.0,9551.64,2
138.06,Debit,Charlotte,Branch,44.0,Engineer,159.0,1.0,1070.47,2
158.02,Debit,New York,ATM,49.0,Engineer,120.0,1.0,9374.24,2
830.01,Credit,Chicago,Online,66.0,Retired,96.0,1.0,4253.18,1
110.49,Debit,Raleigh,Online,57.0,Doctor,48.0,1.0,10483.93,2
329.4,Debit,Denver,Online,34.0,Doctor,68.0,1.0,9588.07,2
635.4,Debit,Denver,ATM,47.0,Doctor,106.0,1.0,1238.11,2
769.97,Debit,San Diego,Branch,22.0,Student,23.0,1.0,1244.93,3
175.07,Debit,Colorado Springs,Branch,26.0,Student,169.0,1.0,1040.25,3
7.31,Debit,Las Vegas,Branch,78.0,Retired,282.0,1.0,5757.67,2
32.54,Debit,Oklahoma City,Online,25.0,Student,183.0,4.0,1544.88,0
56.12,Debit,El Paso,ATM,30.0,Doctor,102.0,1.0,8839.67,2
424.7,Credit,Miami,Online,56.0,Retired,178.0,1.0,6239.89,1
35.73,Debit,Miami,Branch,65.0,Doctor,87.0,1.0,9073.17,2
3.44,Debit,Fort Worth,ATM,78.0,Retired,108.0,1.0,7561.33,2
1342.25,Credit,Fort Worth,Branch,21.0,Student,235.0,1.0,694.03,3
139.03,Credit,Los Angeles,Online,50.0,Engineer,81.0,1.0,2276.57,1
254.92,Credit,San Antonio,ATM,28.0,Engineer,169.0,1.0,2791.12,1
115.11,Debit,Albuquerque,Online,28.0,Engineer,139.0,1.0,9808.97,2
171.11,Debit,San Francisco,ATM,57.0,Retired,171.0,1.0,6324.09,2
168.54,Debit,Oklahoma City,ATM,70.0,Doctor,142.0,2.0,13406.0,2
408.46,Debit,Raleigh,Branch,64.0,Retired,28.0,1.0,3140.79,2
1162.42,Credit,Detroit,Online,30.0,Doctor,45.0,1.0,10357.26,1
342.17,Credit,New York,Branch,21.0,Student,247.0,1.0,461.83,3
580.71,Debit,Philadelphia,ATM,53.0,Engineer,95.0,1.0,5670.0,2
821.54,Credit,Atlanta,Branch,79.0,Retired,36.0,1.0,4040.32,1
253.47,Debit,Atlanta,Branch,20.0,Student,238.0,1.0,220.51,3
22.81,Debit,New York,Online,62.0,Retired,75.0,1.0,3634.76,2
266.57,Credit,Boston,Online,39.0,Engineer,96.0,1.0,7180.48,1
374.61,Credit,Mesa,Online,75.0,Retired,37.0,1.0,1389.71,1
339.35,Credit,Boston,ATM,78.0,Retired,70.0,1.0,5002.7,1
810.36,Debit,Columbus,ATM,20.0,Student,67.0,1.0,9239.12,3
9.83,Debit,Memphis,ATM,24.0,Student,86.0,1.0,666.42,3
135.57,Credit,Boston,Branch,51.0,Doctor,116.0,1.0,11351.64,1
340.05,Debit,Detroit,ATM,43.0,Engineer,37.0,1.0,7234.15,2
283.45,Debit,Colorado Springs,Branch,27.0,Engineer,127.0,1.0,2049.51,2
100.99,Debit,New York,ATM,68.0,Doctor,114.0,1.0,8865.27,2
90.88,Debit,Albuquerque,Branch,18.0,Student,176.0,1.0,3908.47,3
655.15,Debit,Seattle,ATM,26.0,Engineer,264.0,1.0,5587.44,2
320.55,Debit,Milwaukee,Online,50.0,Engineer,118.0,1.0,438.75,2
41.51,Debit,Phoenix,Online,28.0,Student,48.0,1.0,609.6,3
71.53,Credit,Jacksonville,Branch,68.0,Retired,39.0,1.0,2393.73,1
467.13,Credit,Kansas City,Branch,54.0,Retired,45.0,1.0,3914.84,1
235.4,Debit,Detroit,Branch,28.0,Student,70.0,1.0,818.36,3
159.32,Debit,Seattle,Branch,18.0,Student,100.0,1.0,304.44,3
50.83,Credit,Philadelphia,Online,30.0,Doctor,48.0,1.0,9553.42,1
56.89,Credit,Houston,Branch,59.0,Engineer,56.0,1.0,3034.67,1
20.22,Debit,Jacksonville,ATM,43.0,Engineer,138.0,1.0,5515.32,2
50.4,Debit,San Antonio,Branch,36.0,Doctor,84.0,1.0,1677.01,2
73.88,Debit,Los Angeles,Branch,53.0,Retired,131.0,1.0,4055.55,2
119.61,Debit,San Diego,ATM,33.0,Doctor,53.0,1.0,9899.94,2
1241.05,Debit,Miami,Branch,18.0,Student,129.0,1.0,756.74,3
116.58,Debit,Raleigh,Branch,43.0,Engineer,247.0,1.0,2620.74,2
156.26,Credit,Virginia Beach,Branch,46.0,Engineer,160.0,1.0,7854.1,1
427.0,Credit,Oklahoma City,Branch,49.0,Engineer,163.0,1.0,8253.65,1
67.57,Debit,Charlotte,Branch,37.0,Engineer,107.0,1.0,2766.12,2
326.29,Debit,Denver,Online,56.0,Engineer,179.0,1.0,8171.26,2
158.56,Debit,Sacramento,ATM,33.0,Doctor,100.0,1.0,5401.21,2
56.02,Debit,Memphis,Online,27.0,Student,142.0,1.0,3548.02,3
245.67,Credit,Portland,Branch,24.0,Student,107.0,1.0,752.25,3
152.18,Credit,Los Angeles,Online,39.0,Engineer,176.0,4.0,2459.84,0
114.35,Credit,El Paso,Branch,41.0,Engineer,21.0,1.0,469.12,1
504.63,Debit,Portland,Online,60.0,Engineer,168.0,1.0,3806.16,2
126.22,Debit,Atlanta,ATM,46.0,Engineer,77.0,4.0,6133.41,0
820.15,Debit,Kansas City,Branch,47.0,Doctor,181.0,1.0,8802.97,2
8.37,Debit,Colorado Springs,ATM,63.0,Retired,135.0,1.0,1106.34,2
197.49,Credit,Fresno,Online,53.0,Retired,30.0,1.0,5005.33,1
637.97,Debit,New York,Branch,58.0,Retired,90.0,1.0,7949.03,2
13.52,Debit,Seattle,ATM,26.0,Student,65.0,1.0,259.77,3
432.1,Debit,San Francisco,ATM,49.0,Engineer,240.0,1.0,2114.3,2
375.17,Debit,Fort Worth,ATM,51.0,Engineer,66.0,2.0,5495.3,2
642.68,Debit,Fresno,Branch,50.0,Doctor,94.0,1.0,8461.46,2
78.44,Credit,San Jose,Online,52.0,Retired,292.0,1.0,6870.84,1
139.72,Debit,Memphis,Branch,49.0,Engineer,201.0,1.0,5058.83,2
499.99,Debit,San Jose,Branch,31.0,Engineer,296.0,1.0,8885.0,2
10.07,Debit,Albuquerque,Online,24.0,Student,49.0,1.0,530.81,3
120.62,Debit,Raleigh,ATM,23.0,Student,85.0,1.0,9379.53,3
578.49,Debit,Nashville,Branch,59.0,Retired,180.0,1.0,6475.13,2
119.3,Debit,Mesa,Branch,34.0,Engineer,22.0,5.0,319.04,0
280.92,Debit,Phoenix,Online,41.0,Doctor,168.0,1.0,5298.85,2
42.42,Debit,Sacramento,Online,21.0,Student,102.0,1.0,490.57,3
77.03,Debit,Fresno,ATM,67.0,Doctor,259.0,1.0,11310.27,2
22.59,Debit,Seattle,ATM,62.0,Retired,45.0,1.0,3988.75,2
568.76,Debit,Baltimore,ATM,51.0,Retired,155.0,1.0,7484.32,2
105.94,Debit,Oklahoma City,Branch,51.0,Engineer,207.0,1.0,5963.1,2
733.29,Debit,Virginia Beach,ATM,52.0,Doctor,94.0,5.0,10427.0,0
350.15,Credit,Fresno,ATM,21.0,Student,195.0,1.0,296.47,3
1151.18,Debit,Kansas City,ATM,65.0,Doctor,105.0,1.0,1100.06,2
183.67,Debit,San Diego,Online,19.0,Student,238.0,1.0,910.26,3
278.27,Debit,Tucson,Branch,29.0,Doctor,123.0,1.0,6684.34,2
470.3,Debit,Austin,ATM,40.0,Doctor,88.0,1.0,8524.09,2
261.69,Debit,Philadelphia,ATM,53.0,Retired,84.0,1.0,5126.65,2
365.04,Debit,Virginia Beach,Branch,22.0,Student,94.0,1.0,873.89,3
211.1,Debit,Miami,Branch,57.0,Retired,136.0,1.0,7059.77,2
21.49,Debit,Denver,ATM,58.0,Doctor,240.0,1.0,11991.24,2
63.58,Debit,Columbus,ATM,18.0,Student,199.0,1.0,8086.04,3
321.86,Debit,San Antonio,ATM,63.0,Doctor,167.0,1.0,12626.49,2
642.54,Debit,Milwaukee,Branch,44.0,Engineer,28.0,1.0,3143.17,2
313.65,Credit,Chicago,Branch,55.0,Retired,173.0,1.0,1886.36,1
99.76,Debit,Sacramento,Branch,26.0,Student,131.0,1.0,416.89,3
115.32,Debit,Denver,Branch,53.0,Retired,113.0,1.0,5929.08,2
33.61,Debit,Milwaukee,Online,23.0,Student,72.0,1.0,479.08,3
498.59,Credit,Oklahoma City,Online,33.0,Doctor,32.0,1.0,5862.99,1
98.81,Debit,San Francisco,Branch,27.0,Student,91.0,1.0,797.1,3
1.87,Debit,Washington,ATM,65.0,Retired,147.0,1.0,7287.94,2
78.92,Credit,Jacksonville,Online,59.0,Engineer,95.0,1.0,5624.86,1
194.29,Credit,Seattle,Branch,39.0,Engineer,10.0,1.0,2988.41,1
105.53,Debit,Colorado Springs,Online,24.0,Student,88.0,1.0,1433.66,3
737.34,Debit,Miami,Online,30.0,Doctor,34.0,1.0,7336.56,2
237.86,Debit,Philadelphia,ATM,18.0,Student,210.0,1.0,475.63,3
409.61,Debit,Kansas City,Branch,65.0,Doctor,89.0,1.0,11698.15,2
75.53,Credit,Fresno,Online,21.0,Student,157.0,1.0,1034.35,3
72.75,Debit,Phoenix,ATM,64.0,Doctor,15.0,1.0,12042.79,2
39.11,Debit,Columbus,Online,26.0,Student,143.0,1.0,518.54,3
1309.79,Debit,San Francisco,ATM,23.0,Student,139.0,1.0,1258.93,3
729.38,Debit,Los Angeles,ATM,68.0,Doctor,90.0,1.0,9127.65,2
137.49,Debit,Fort Worth,ATM,34.0,Engineer,50.0,1.0,4471.05,2
504.71,Debit,Detroit,Online,29.0,Engineer,61.0,1.0,6214.54,2
371.47,Credit,Milwaukee,Branch,24.0,Student,58.0,1.0,1187.04,3
430.35,Debit,Charlotte,Online,36.0,Doctor,205.0,1.0,354.9,2
230.32,Debit,Las Vegas,Branch,35.0,Engineer,56.0,1.0,791.46,2
121.71,Debit,Chicago,ATM,52.0,Retired,140.0,1.0,5878.89,2
98.87,Debit,Detroit,Online,20.0,Student,179.0,1.0,533.2,3
117.55,Debit,Fresno,ATM,24.0,Student,35.0,1.0,897.94,3
244.64,Debit,Tucson,Branch,30.0,Doctor,103.0,1.0,9159.56,2
321.93,Debit,Nashville,ATM,45.0,Engineer,12.0,1.0,4392.73,2
346.65,Debit,Washington,Online,30.0,Engineer,60.0,1.0,6356.96,2
388.65,Debit,Oklahoma City,ATM,76.0,Retired,43.0,1.0,7896.85,2
29.22,Debit,San Antonio,ATM,24.0,Student,151.0,1.0,1649.43,3
46.75,Debit,Colorado Springs,Branch,67.0,Retired,150.0,1.0,2840.43,2
348.64,Debit,San Jose,Online,57.0,Retired,128.0,1.0,3274.96,2
319.17,Debit,Tucson,Online,73.0,Retired,81.0,1.0,6501.56,2
73.95,Debit,Kansas City,ATM,26.0,Student,76.0,1.0,363.92,3
389.63,Debit,Mesa,Online,27.0,Engineer,99.0,1.0,9748.48,2
217.61,Debit,Chicago,ATM,19.0,Student,45.0,1.0,1404.53,3
199.84,Debit,Dallas,ATM,21.0,Student,150.0,1.0,706.44,3
56.35,Debit,Charlotte,ATM,44.0,Doctor,75.0,1.0,5095.73,2
248.95,Credit,San Francisco,Branch,65.0,Retired,29.0,1.0,3059.79,1
142.58,Debit,San Antonio,ATM,33.0,Engineer,145.0,1.0,7844.23,2
1607.55,Debit,Phoenix,ATM,31.0,Engineer,156.0,1.0,6227.99,2
333.78,Debit,San Diego,ATM,60.0,Retired,98.0,1.0,6810.94,2
332.59,Debit,San Antonio,Online,55.0,Retired,143.0,1.0,1457.07,2
236.81,Debit,Oklahoma City,Branch,22.0,Student,15.0,1.0,813.68,3
417.8,Credit,Philadelphia,Branch,27.0,Student,130.0,1.0,1518.82,3
319.27,Debit,San Antonio,ATM,50.0,Doctor,150.0,1.0,10269.78,2
820.62,Credit,Fresno,Branch,61.0,Doctor,158.0,1.0,6024.8,1
474.77,Credit,Indianapolis,Online,56.0,Engineer,50.0,1.0,2158.59,1
542.72,Credit,Indianapolis,Branch,43.0,Doctor,92.0,1.0,6011.8,1
79.8,Debit,Fort Worth,ATM,73.0,Retired,76.0,1.0,6372.58,2
46.24,Debit,San Diego,Branch,57.0,Engineer,52.0,1.0,2569.56,2
327.8,Debit,San Francisco,ATM,61.0,Doctor,54.0,1.0,10585.48,2
445.79,Debit,Las Vegas,ATM,52.0,Doctor,161.0,1.0,717.99,2
55.89,Debit,Fresno,Online,72.0,Retired,150.0,1.0,3689.65,2
158.41,Debit,Sacramento,Branch,28.0,Student,16.0,1.0,1512.16,3
101.19,Credit,Denver,Online,64.0,Doctor,75.0,1.0,14389.45,1
827.14,Debit,El Paso,Branch,36.0,Engineer,265.0,4.0,9800.21,0
61.97,Debit,Phoenix,ATM,74.0,Retired,95.0,1.0,7014.69,2
27.21,Debit,San Jose,ATM,79.0,Retired,102.0,1.0,3520.61,2
173.74,Debit,Houston,Online,80.0,Retired,64.0,1.0,4913.42,2
176.11,Debit,San Jose,Branch,38.0,Engineer,105.0,1.0,9155.35,2
88.4,Debit,Fort Worth,Online,46.0,Engineer,174.0,1.0,2567.53,2
567.92,Debit,Columbus,Online,53.0,Retired,14.0,1.0,3779.47,2
138.11,Credit,Phoenix,Online,68.0,Retired,104.0,1.0,4177.65,1
456.93,Credit,Virginia Beach,Branch,28.0,Engineer,193.0,1.0,7284.76,1
101.42,Debit,Atlanta,Online,66.0,Retired,146.0,1.0,6530.59,2
300.61,Debit,El Paso,Online,44.0,Doctor,51.0,1.0,7895.54,2
265.94,Debit,Boston,Online,54.0,Engineer,132.0,1.0,6781.3,2
345.54,Debit,San Diego,Online,29.0,Engineer,50.0,1.0,2091.78,2
411.52,Debit,Los Angeles,ATM,41.0,Doctor,88.0,1.0,11108.39,2
111.21,Debit,Portland,Branch,35.0,Doctor,111.0,1.0,9088.36,2
316.37,Debit,Colorado Springs,ATM,53.0,Engineer,86.0,1.0,4671.69,2
260.63,Debit,Fort Worth,Branch,37.0,Engineer,142.0,1.0,7534.73,2
92.36,Debit,Dallas,ATM,29.0,Engineer,144.0,1.0,6353.14,2
262.06,Debit,Oklahoma City,Branch,63.0,Doctor,118.0,1.0,13587.52,2
64.5,Debit,Denver,ATM,74.0,Retired,230.0,1.0,1351.24,2
253.55,Debit,Jacksonville,ATM,28.0,Engineer,85.0,5.0,2797.26,0
175.94,Debit,Indianapolis,ATM,57.0,Retired,89.0,1.0,3728.04,2
199.47,Debit,Detroit,Online,57.0,Doctor,142.0,1.0,6067.44,2
51.07,Debit,Dallas,Branch,63.0,Retired,133.0,1.0,4292.16,2
435.86,Debit,Jacksonville,ATM,56.0,Retired,134.0,1.0,3801.82,2
74.73,Credit,Jacksonville,Branch,64.0,Retired,162.0,1.0,6353.22,1
182.79,Credit,Louisville,Online,23.0,Student,14.0,1.0,1251.85,3
628.36,Debit,Austin,Online,44.0,Doctor,108.0,1.0,11869.71,2
268.39,Debit,San Antonio,Online,29.0,Doctor,177.0,1.0,9409.43,2
560.15,Credit,Memphis,Online,50.0,Engineer,92.0,1.0,817.83,1
351.99,Debit,Chicago,ATM,80.0,Retired,45.0,2.0,3663.64,2
132.36,Debit,Colorado Springs,Branch,28.0,Student,160.0,1.0,319.65,3
24.77,Credit,Nashville,Online,40.0,Engineer,17.0,1.0,478.23,1
668.67,Debit,Detroit,Online,44.0,Doctor,143.0,4.0,13446.81,0
80.24,Credit,New York,Branch,53.0,Doctor,58.0,1.0,8012.81,1
8.65,Debit,Mesa,ATM,68.0,Retired,198.0,1.0,4201.22,2
178.91,Debit,Omaha,ATM,18.0,Student,19.0,1.0,8870.89,3
115.22,Debit,San Francisco,Branch,27.0,Engineer,108.0,1.0,906.2,3
161.63,Debit,San Jose,Online,46.0,Doctor,276.0,1.0,9286.37,2
542.75,Credit,Nashville,Branch,70.0,Retired,63.0,1.0,2224.08,1
317.47,Credit,Sacramento,Online,67.0,Doctor,16.0,1.0,14639.28,1
280.99,Debit,Houston,Branch,45.0,Engineer,29.0,1.0,9733.59,2
24.19,Debit,San Diego,ATM,29.0,Engineer,28.0,1.0,2756.2,2
372.41,Debit,San Diego,ATM,55.0,Retired,143.0,1.0,3233.87,2
247.17,Credit,Chicago,Branch,65.0,Retired,149.0,1.0,2611.64,1
48.78,Credit,Kansas City,Branch,18.0,Student,136.0,1.0,552.06,3
4.15,Credit,Omaha,Branch,60.0,Retired,119.0,1.0,6017.36,1
60.99,Debit,Oklahoma City,Branch,34.0,Engineer,58.0,1.0,7281.46,2
408.19,Debit,Mesa,Branch,26.0,Engineer,241.0,1.0,6847.47,2
524.6,Debit,El Paso,Branch,58.0,Doctor,76.0,1.0,13017.7,2
108.96,Debit,Milwaukee,ATM,26.0,Student,247.0,1.0,7597.66,3
70.03,Debit,Nashville,Branch,63.0,Retired,49.0,1.0,7330.31,2
324.04,Debit,Virginia Beach,ATM,54.0,Retired,30.0,1.0,2248.06,2
39.69,Debit,Austin,Online,70.0,Retired,163.0,1.0,3524.68,2
81.27,Credit,Seattle,Online,22.0,Student,68.0,1.0,1814.48,3
193.82,Debit,Kansas City,Branch,37.0,Engineer,176.0,1.0,3886.77,2
474.05,Debit,San Jose,ATM,57.0,Retired,214.0,1.0,1484.31,2
39.21,Debit,Miami,ATM,66.0,Doctor,245.0,4.0,9385.57,0
637.75,Debit,Dallas,Branch,79.0,Retired,152.0,1.0,4202.92,2
153.59,Credit,Portland,Branch,66.0,Retired,174.0,1.0,4813.12,1
186.6,Debit,Tucson,Branch,18.0,Student,139.0,1.0,9716.68,3
644.08,Debit,Atlanta,Online,24.0,Student,55.0,1.0,1980.62,3
305.0,Debit,Phoenix,ATM,22.0,Student,222.0,1.0,944.83,3
233.1,Credit,Nashville,Branch,42.0,Doctor,37.0,1.0,7469.2,1
793.13,Debit,Memphis,Online,68.0,Doctor,76.0,1.0,13389.16,2
224.19,Debit,Houston,ATM,52.0,Doctor,93.0,1.0,8475.47,2
214.83,Credit,Tucson,ATM,23.0,Student,63.0,1.0,991.69,3
163.46,Credit,Baltimore,Branch,63.0,Retired,111.0,1.0,6953.8,1
194.99,Debit,Jacksonville,Branch,34.0,Engineer,91.0,1.0,1370.03,2
23.4,Debit,El Paso,ATM,46.0,Doctor,175.0,4.0,14851.28,0
227.5,Debit,Sacramento,Online,34.0,Doctor,277.0,1.0,11505.35,2
259.9,Debit,Oklahoma City,Online,26.0,Student,100.0,1.0,914.28,3
59.51,Credit,Dallas,Online,36.0,Doctor,55.0,1.0,9955.88,1
1074.95,Debit,Jacksonville,Branch,20.0,Student,91.0,1.0,530.86,3
112.94,Credit,San Antonio,Online,73.0,Retired,31.0,1.0,3807.84,1
11.81,Debit,Phoenix,ATM,21.0,Student,131.0,1.0,320.25,3
329.14,Debit,Sacramento,Branch,55.0,Doctor,14.0,1.0,12033.92,2
154.24,Debit,Mesa,ATM,61.0,Retired,82.0,1.0,6109.55,2
233.44,Debit,Chicago,Online,20.0,Student,297.0,1.0,1691.88,3
1137.63,Debit,Baltimore,ATM,26.0,Student,144.0,1.0,1629.12,3
98.71,Debit,Fort Worth,ATM,32.0,Doctor,117.0,1.0,10095.23,2
87.38,Debit,Atlanta,Branch,21.0,Student,252.0,1.0,1504.99,3
83.39,Debit,Omaha,Branch,32.0,Doctor,158.0,1.0,13182.11,2
267.55,Debit,Charlotte,Online,46.0,Engineer,40.0,1.0,4330.04,2
870.05,Debit,El Paso,ATM,29.0,Doctor,39.0,1.0,905.25,2
164.51,Debit,Louisville,Branch,78.0,Retired,110.0,1.0,3553.69,2
758.12,Debit,San Francisco,ATM,69.0,Retired,90.0,1.0,6164.65,2
103.76,Debit,Kansas City,Online,28.0,Engineer,188.0,1.0,9626.14,2
583.92,Debit,Kansas City,Online,55.0,Engineer,139.0,1.0,6364.14,2
204.06,Debit,Washington,Online,77.0,Retired,159.0,1.0,4351.83,2
53.51,Debit,New York,Online,56.0,Retired,165.0,1.0,5773.5,2
1108.46,Debit,Los Angeles,Branch,30.0,Engineer,262.0,1.0,9257.04,2
120.17,Debit,Portland,ATM,49.0,Doctor,105.0,1.0,5403.79,2
220.8,Debit,Indianapolis,Online,31.0,Engineer,28.0,1.0,8135.31,2
119.01,Debit,Philadelphia,ATM,45.0,Doctor,87.0,1.0,9798.26,2
183.32,Debit,Raleigh,ATM,21.0,Student,74.0,1.0,137.42,3
858.88,Debit,Jacksonville,Online,60.0,Engineer,227.0,1.0,7015.46,2
11.46,Credit,San Francisco,Online,41.0,Engineer,128.0,1.0,2356.71,1
61.37,Debit,Columbus,Branch,75.0,Retired,164.0,1.0,4294.44,2
103.08,Credit,Milwaukee,Branch,49.0,Engineer,150.0,1.0,9251.38,1
425.18,Credit,Colorado Springs,Online,26.0,Engineer,172.0,1.0,9880.71,1
60.96,Debit,Colorado Springs,ATM,52.0,Retired,238.0,1.0,6189.24,2
64.21,Debit,Omaha,ATM,51.0,Doctor,37.0,1.0,12540.18,2
523.02,Debit,Jacksonville,Online,53.0,Retired,83.0,1.0,4586.11,2
50.26,Debit,Las Vegas,Branch,65.0,Retired,164.0,1.0,1519.38,2
110.08,Debit,Detroit,Branch,19.0,Student,95.0,1.0,1447.26,3
54.47,Credit,Philadelphia,Branch,23.0,Student,34.0,1.0,1131.42,3
79.76,Debit,Kansas City,Online,68.0,Doctor,115.0,1.0,10278.75,2
16.79,Credit,Detroit,Online,30.0,Doctor,146.0,1.0,535.15,1
1531.31,Debit,San Diego,Online,18.0,Student,62.0,4.0,859.86,0
68.62,Debit,Omaha,Branch,29.0,Doctor,157.0,1.0,13891.47,2
643.38,Credit,Detroit,Online,18.0,Student,105.0,1.0,1046.74,3
328.34,Credit,San Diego,Online,42.0,Engineer,31.0,1.0,2840.45,1
72.68,Debit,Seattle,Online,69.0,Retired,44.0,1.0,6216.77,2
354.76,Debit,Detroit,Branch,51.0,Doctor,279.0,1.0,10141.92,2
793.88,Credit,Los Angeles,ATM,22.0,Student,252.0,1.0,1404.06,3
29.22,Debit,Detroit,ATM,27.0,Engineer,69.0,1.0,7795.79,2
366.43,Credit,Portland,Online,21.0,Student,92.0,1.0,1560.45,3
120.86,Debit,Colorado Springs,Online,33.0,Doctor,162.0,4.0,13566.58,0
233.74,Debit,Boston,Online,72.0,Retired,142.0,1.0,4749.54,2
471.84,Debit,Raleigh,ATM,18.0,Student,138.0,1.0,1044.33,3
213.4,Credit,Fort Worth,Branch,73.0,Retired,100.0,1.0,2012.24,1
254.21,Debit,Phoenix,ATM,48.0,Engineer,46.0,1.0,2487.2,2
577.73,Debit,San Jose,ATM,37.0,Doctor,63.0,1.0,14977.99,2
170.26,Debit,Chicago,ATM,27.0,Student,265.0,1.0,1969.48,3
337.73,Debit,San Antonio,Online,78.0,Retired,107.0,4.0,7001.2,0
330.61,Credit,Nashville,Branch,64.0,Retired,113.0,1.0,2525.25,1
132.33,Credit,Phoenix,ATM,35.0,Engineer,47.0,1.0,7457.94,1
74.04,Debit,Memphis,Online,18.0,Student,66.0,1.0,1690.23,3
197.18,Debit,Tucson,Online,28.0,Engineer,135.0,1.0,3114.92,2
590.01,Debit,San Jose,Online,29.0,Doctor,140.0,3.0,9791.74,0
697.82,Debit,New York,Online,44.0,Engineer,153.0,1.0,6824.0,2
302.76,Debit,Sacramento,ATM,38.0,Engineer,88.0,3.0,8583.39,0
148.0,Debit,Tucson,Branch,20.0,Student,35.0,1.0,1488.65,3
22.26,Debit,San Antonio,Branch,19.0,Student,56.0,1.0,5583.88,3
0.86,Debit,Colorado Springs,ATM,25.0,Student,139.0,1.0,1357.22,3
757.1,Debit,Atlanta,Branch,65.0,Doctor,203.0,1.0,10553.23,2
38.81,Credit,Virginia Beach,Online,25.0,Student,145.0,1.0,1619.6,3
76.51,Credit,Mesa,Online,49.0,Engineer,120.0,4.0,9475.4,0
32.46,Debit,Charlotte,Online,31.0,Doctor,10.0,1.0,8656.18,2
1022.75,Credit,San Jose,Branch,62.0,Doctor,158.0,1.0,207.74,1
20.64,Debit,Charlotte,Branch,22.0,Student,59.0,1.0,949.38,3
662.11,Debit,Atlanta,Branch,23.0,Student,219.0,1.0,1996.38,3
35.05,Debit,Boston,Branch,30.0,Doctor,105.0,1.0,14330.47,2
214.73,Credit,Los Angeles,ATM,46.0,Doctor,26.0,1.0,5368.42,1
25.38,Debit,Louisville,Branch,57.0,Engineer,66.0,1.0,8616.05,2
617.66,Debit,Memphis,ATM,41.0,Engineer,40.0,1.0,5906.58,2
446.39,Debit,Houston,ATM,63.0,Retired,77.0,1.0,7863.6,2
377.92,Debit,Raleigh,Branch,33.0,Engineer,204.0,1.0,2254.71,2
11.04,Debit,Phoenix,Online,30.0,Engineer,43.0,1.0,6983.04,2
275.46,Debit,Fort Worth,ATM,36.0,Doctor,67.0,1.0,9697.75,2
179.76,Debit,Philadelphia,Online,78.0,Retired,81.0,1.0,5909.52,2
32.34,Debit,Kansas City,Branch,44.0,Doctor,45.0,1.0,7847.62,2
273.92,Debit,Portland,Branch,79.0,Retired,109.0,1.0,4543.56,2
388.98,Debit,Fresno,ATM,23.0,Student,155.0,1.0,1819.91,3
492.84,Debit,Indianapolis,ATM,25.0,Student,38.0,1.0,577.67,3
148.85,Debit,Mesa,ATM,57.0,Doctor,25.0,1.0,7802.36,2
185.99,Credit,Fresno,Branch,41.0,Engineer,53.0,1.0,402.45,1
322.48,Debit,Jacksonville,ATM,27.0,Student,57.0,1.0,1238.43,3
20.27,Debit,Miami,Branch,18.0,Student,22.0,1.0,796.35,3
280.61,Debit,Mesa,ATM,47.0,Engineer,129.0,3.0,7888.76,0
104.23,Credit,Louisville,Online,63.0,Retired,108.0,1.0,5009.29,1
353.59,Credit,New York,Branch,52.0,Retired,109.0,5.0,1822.34,0
55.86,Debit,Seattle,Online,39.0,Engineer,68.0,1.0,5346.46,2
95.55,Debit,Louisville,Branch,33.0,Engineer,51.0,1.0,2434.74,2
477.07,Debit,Columbus,Online,27.0,Engineer,278.0,1.0,6568.07,2
21.41,Debit,Louisville,Online,57.0,Doctor,99.0,1.0,658.91,2
278.28,Debit,Jacksonville,Branch,28.0,Student,26.0,1.0,1346.88,3
215.39,Debit,Detroit,ATM,27.0,Student,216.0,1.0,1582.55,3
194.37,Debit,Milwaukee,ATM,66.0,Doctor,161.0,1.0,14395.88,2
19.59,Debit,Charlotte,Branch,64.0,Retired,122.0,1.0,1061.69,2
81.35,Debit,Houston,Online,41.0,Engineer,103.0,1.0,7192.45,2
314.54,Credit,Virginia Beach,Branch,58.0,Engineer,228.0,1.0,9923.45,1
466.64,Debit,Las Vegas,ATM,58.0,Doctor,11.0,1.0,10915.11,2
472.48,Debit,New York,Branch,55.0,Engineer,87.0,1.0,7128.82,2
67.15,Debit,Indianapolis,Online,59.0,Doctor,14.0,1.0,9028.49,2
102.67,Debit,Albuquerque,Branch,79.0,Retired,119.0,1.0,4656.94,2
460.09,Credit,Fresno,Online,35.0,Doctor,146.0,3.0,6990.64,0
453.49,Debit,Seattle,Branch,66.0,Doctor,147.0,1.0,6366.43,2
267.17,Debit,Seattle,ATM,26.0,Student,170.0,1.0,1382.62,3
111.26,Debit,Boston,ATM,66.0,Doctor,43.0,1.0,14350.11,2
121.17,Debit,Phoenix,ATM,68.0,Doctor,158.0,1.0,12990.77,2
213.28,Debit,Mesa,Branch,51.0,Retired,94.0,1.0,4835.91,2
187.88,Debit,Nashville,ATM,60.0,Engineer,180.0,1.0,2154.58,2
471.88,Credit,San Jose,Online,34.0,Doctor,141.0,1.0,14833.34,1
83.79,Debit,Nashville,ATM,57.0,Engineer,47.0,1.0,5061.3,2
99.16,Debit,San Francisco,Online,79.0,Retired,202.0,1.0,2607.58,2
839.33,Credit,Louisville,Branch,60.0,Doctor,86.0,1.0,11538.97,1
29.91,Credit,Philadelphia,Online,76.0,Retired,43.0,3.0,2834.84,0
4.24,Debit,San Diego,Online,38.0,Engineer,38.0,1.0,7822.73,2
50.29,Credit,Raleigh,Online,58.0,Doctor,64.0,1.0,7604.9,1
135.85,Debit,Fresno,Online,57.0,Retired,269.0,1.0,1480.39,2
368.53,Debit,Raleigh,Branch,68.0,Doctor,34.0,1.0,13696.31,2
17.95,Credit,Sacramento,Branch,64.0,Doctor,135.0,1.0,12344.9,1
127.8,Credit,Virginia Beach,Branch,31.0,Engineer,47.0,1.0,8630.99,1
16.73,Debit,Houston,Online,45.0,Engineer,48.0,1.0,2202.62,2
317.12,Debit,Fort Worth,Branch,44.0,Doctor,80.0,1.0,14409.74,2
476.63,Debit,Charlotte,ATM,79.0,Retired,115.0,1.0,4894.25,2
156.58,Debit,Portland,Branch,24.0,Student,160.0,1.0,8981.61,3
55.12,Credit,Houston,Online,34.0,Engineer,261.0,1.0,3791.99,1
15.74,Debit,Denver,Branch,27.0,Student,38.0,1.0,690.16,3
297.15,Debit,Phoenix,Online,76.0,Retired,178.0,1.0,5449.37,2
647.85,Debit,Omaha,Branch,36.0,Doctor,121.0,1.0,13779.97,2
75.04,Debit,El Paso,ATM,49.0,Engineer,178.0,1.0,9648.6,2
273.92,Debit,Virginia Beach,Online,28.0,Student,35.0,1.0,1029.15,3
215.8,Credit,Jacksonville,Branch,51.0,Retired,66.0,1.0,3656.62,1
963.77,Debit,Louisville,ATM,41.0,Engineer,248.0,1.0,6710.51,2
420.6,Debit,Louisville,Branch,26.0,Student,55.0,1.0,1778.75,3
688.36,Credit,Memphis,Branch,23.0,Student,22.0,1.0,5191.13,3
285.18,Credit,Sacramento,Branch,55.0,Doctor,150.0,1.0,14847.97,1
213.55,Debit,Boston,ATM,63.0,Doctor,15.0,1.0,5238.37,2
463.11,Credit,Las Vegas,Branch,51.0,Doctor,159.0,1.0,10238.82,1
309.56,Debit,Charlotte,Online,58.0,Doctor,147.0,1.0,972.04,2
377.08,Credit,Mesa,Branch,26.0,Student,71.0,1.0,6430.86,3
77.25,Debit,Virginia Beach,Branch,68.0,Doctor,157.0,1.0,14077.97,2
146.92,Debit,Portland,ATM,64.0,Retired,272.0,1.0,3990.6,2
126.6,Debit,San Antonio,Branch,22.0,Student,146.0,1.0,961.65,3
101.34,Debit,Boston,ATM,24.0,Student,46.0,1.0,703.26,3
184.97,Debit,Denver,Branch,58.0,Doctor,268.0,1.0,1156.67,2
451.15,Debit,Colorado Springs,ATM,46.0,Engineer,175.0,1.0,1356.47,2
516.47,Credit,Charlotte,ATM,25.0,Student,94.0,1.0,1305.06,3
880.04,Debit,Sacramento,ATM,25.0,Student,29.0,1.0,261.97,3
66.69,Credit,San Antonio,Branch,25.0,Student,140.0,1.0,1210.33,3
95.75,Debit,Los Angeles,Branch,31.0,Engineer,169.0,1.0,337.62,3
98.03,Debit,El Paso,Branch,54.0,Engineer,165.0,1.0,6323.45,2
617.66,Debit,Boston,ATM,42.0,Engineer,128.0,1.0,7155.95,2
888.57,Debit,San Antonio,Online,62.0,Retired,102.0,1.0,7896.14,2
107.48,Debit,Omaha,Branch,22.0,Student,129.0,1.0,591.23,3
36.57,Debit,Omaha,ATM,62.0,Retired,69.0,1.0,2583.07,2
575.62,Debit,Oklahoma City,Online,43.0,Doctor,129.0,1.0,234.41,2
84.89,Debit,San Jose,ATM,37.0,Engineer,70.0,1.0,4735.61,2
7.76,Credit,Las Vegas,Online,52.0,Retired,84.0,1.0,7393.11,1
109.3,Debit,Fort Worth,Branch,56.0,Doctor,27.0,1.0,13510.11,2
230.08,Debit,Austin,Online,79.0,Retired,124.0,1.0,4466.1,2
361.92,Debit,Detroit,ATM,54.0,Retired,111.0,1.0,7474.31,2
71.29,Debit,Chicago,ATM,68.0,Retired,55.0,2.0,7225.63,2
122.45,Debit,New York,Branch,46.0,Doctor,98.0,1.0,7255.49,2
642.53,Debit,Mesa,ATM,65.0,Doctor,128.0,1.0,11417.91,2
175.21,Credit,Mesa,ATM,69.0,Doctor,69.0,1.0,6039.04,1
168.0,Credit,Tucson,Branch,32.0,Engineer,11.0,1.0,3498.58,1
11.46,Debit,Chicago,Online,67.0,Retired,73.0,1.0,6628.75,2
382.07,Credit,Omaha,Branch,62.0,Doctor,147.0,1.0,10156.09,1
13.48,Debit,Las Vegas,Online,18.0,Student,20.0,3.0,521.88,0
65.32,Debit,Mesa,ATM,28.0,Student,54.0,1.0,9165.02,3
83.07,Debit,Miami,Branch,27.0,Engineer,291.0,4.0,6704.76,0
730.1,Credit,Chicago,Branch,77.0,Retired,93.0,1.0,6384.05,1
85.31,Debit,Kansas City,ATM,62.0,Retired,27.0,1.0,6095.65,2
726.61,Debit,Phoenix,ATM,18.0,Student,277.0,1.0,1008.76,3
130.4,Debit,Raleigh,Branch,45.0,Engineer,63.0,1.0,4381.24,2
68.1,Debit,Milwaukee,ATM,20.0,Student,47.0,1.0,1382.8,3
65.26,Debit,Sacramento,Branch,26.0,Student,72.0,1.0,7380.63,3
191.62,Debit,Jacksonville,Branch,63.0,Doctor,51.0,1.0,1981.67,2
212.88,Debit,Fresno,Online,39.0,Doctor,122.0,1.0,7036.72,2
88.38,Debit,Virginia Beach,ATM,30.0,Engineer,138.0,1.0,3707.82,2
390.09,Debit,El Paso,Online,26.0,Engineer,49.0,1.0,2617.23,3
48.29,Debit,San Diego,Online,37.0,Engineer,242.0,1.0,8883.4,2
333.83,Debit,Fresno,ATM,63.0,Retired,135.0,1.0,1660.66,2
1074.29,Debit,Portland,Branch,67.0,Retired,79.0,1.0,2011.6,2
100.27,Debit,Miami,Online,79.0,Retired,51.0,1.0,4309.9,2
44.54,Debit,San Antonio,ATM,31.0,Engineer,164.0,1.0,362.4,2
82.17,Debit,Fort Worth,Branch,28.0,Student,21.0,1.0,1913.06,3
1045.45,Debit,Baltimore,Online,19.0,Student,150.0,1.0,563.46,3
447.42,Debit,Charlotte,Online,32.0,Engineer,65.0,1.0,6133.22,2
590.26,Credit,Austin,Branch,25.0,Student,48.0,1.0,1068.28,3
192.73,Debit,Milwaukee,Branch,71.0,Retired,157.0,1.0,2037.75,2
136.05,Debit,Atlanta,Online,24.0,Student,63.0,3.0,1127.54,0
11.57,Credit,New York,Branch,56.0,Retired,64.0,1.0,2061.61,1
7.82,Debit,Boston,ATM,36.0,Engineer,273.0,1.0,2240.49,2
79.43,Debit,Dallas,ATM,74.0,Retired,72.0,1.0,6579.37,2
386.97,Debit,Raleigh,Branch,58.0,Retired,137.0,1.0,1876.35,2
51.22,Debit,Fresno,Branch,23.0,Student,82.0,1.0,1664.59,3
256.05,Debit,Nashville,ATM,54.0,Retired,35.0,1.0,6910.18,2
7.79,Debit,Los Angeles,Branch,34.0,Doctor,298.0,1.0,1319.85,2
233.71,Debit,Louisville,Branch,63.0,Doctor,11.0,1.0,6095.5,2
176.37,Debit,Boston,Branch,55.0,Retired,126.0,1.0,2420.86,2
86.41,Debit,Fresno,ATM,75.0,Retired,125.0,1.0,3128.71,2
21.57,Debit,San Francisco,ATM,54.0,Retired,71.0,1.0,7587.48,2
82.67,Debit,Milwaukee,Branch,26.0,Student,46.0,1.0,290.59,3
543.47,Debit,Los Angeles,ATM,18.0,Student,122.0,1.0,6165.03,3
346.76,Credit,San Jose,Branch,21.0,Student,116.0,1.0,1637.75,3
47.48,Debit,El Paso,Branch,24.0,Student,66.0,1.0,585.52,3
64.92,Debit,Atlanta,Branch,58.0,Engineer,236.0,1.0,5481.76,2
350.72,Credit,Fresno,ATM,28.0,Student,48.0,1.0,1982.9,3
3.8,Debit,Charlotte,Online,65.0,Doctor,174.0,1.0,5766.96,2
22.54,Debit,El Paso,Online,26.0,Engineer,42.0,1.0,7139.11,2
167.47,Debit,Sacramento,ATM,35.0,Engineer,103.0,1.0,2293.13,2
43.65,Credit,Charlotte,Branch,30.0,Engineer,212.0,1.0,2870.67,1
390.77,Debit,Portland,Online,44.0,Doctor,34.0,1.0,5500.56,2
508.16,Debit,Mesa,ATM,39.0,Engineer,131.0,1.0,5609.44,2
332.33,Debit,Kansas City,ATM,27.0,Student,101.0,1.0,192.63,3
362.09,Debit,New York,Branch,32.0,Engineer,31.0,1.0,6590.28,2
42.58,Debit,San Jose,Online,30.0,Doctor,80.0,1.0,13485.0,2
248.66,Debit,Chicago,Online,28.0,Engineer,113.0,1.0,2571.39,2
461.25,Credit,Sacramento,Online,54.0,Doctor,171.0,1.0,676.1,1
61.77,Debit,Charlotte,Branch,56.0,Doctor,49.0,1.0,12352.2,2
268.92,Debit,Chicago,Branch,29.0,Engineer,148.0,1.0,8765.38,2
219.02,Credit,San Diego,Online,54.0,Engineer,68.0,1.0,7375.73,1
125.14,Debit,Baltimore,Branch,20.0,Student,31.0,1.0,1845.18,3
47.6,Debit,Austin,Online,53.0,Engineer,115.0,1.0,1382.51,2
592.82,Debit,Memphis,Online,74.0,Retired,248.0,1.0,7508.98,2
372.5,Debit,Nashville,ATM,22.0,Student,211.0,1.0,3901.82,3
4.72,Debit,Fort Worth,Branch,32.0,Engineer,20.0,1.0,4792.01,2
144.93,Debit,Fresno,Branch,42.0,Engineer,74.0,1.0,6887.52,2
316.56,Debit,Denver,Online,28.0,Engineer,261.0,1.0,8643.51,2
421.25,Debit,Fort Worth,Online,25.0,Student,66.0,1.0,7174.69,3
185.71,Debit,Virginia Beach,Branch,48.0,Engineer,194.0,1.0,2679.91,2
1432.02,Debit,Louisville,Branch,60.0,Retired,138.0,1.0,4315.07,2
26.27,Credit,Portland,Online,45.0,Engineer,177.0,1.0,8853.93,1
297.03,Debit,Austin,Online,61.0,Retired,151.0,1.0,1088.62,2
341.67,Debit,Omaha,Branch,53.0,Retired,96.0,5.0,1442.29,0
99.52,Debit,San Diego,ATM,52.0,Engineer,127.0,1.0,3798.09,2
139.69,Debit,Indianapolis,Online,52.0,Engineer,180.0,1.0,9567.94,2
112.72,Debit,Washington,Branch,31.0,Doctor,17.0,1.0,9630.0,2
568.88,Debit,Nashville,Branch,19.0,Student,105.0,1.0,1307.86,3
189.03,Debit,Oklahoma City,ATM,28.0,Student,50.0,1.0,1916.46,3
189.08,Debit,Miami,Branch,68.0,Doctor,238.0,1.0,10790.8,2
958.9,Debit,Memphis,Branch,31.0,Engineer,135.0,1.0,9977.49,2
283.15,Debit,Baltimore,Online,24.0,Student,180.0,1.0,603.79,3
151.82,Debit,Chicago,ATM,51.0,Retired,105.0,1.0,2197.12,2
438.59,Debit,San Jose,Online,37.0,Engineer,103.0,1.0,8994.39,2
501.15,Debit,Phoenix,Branch,47.0,Engineer,208.0,1.0,8821.84,2
917.81,Debit,Kansas City,ATM,64.0,Retired,75.0,2.0,3173.17,2
8.95,Debit,Oklahoma City,Online,76.0,Retired,102.0,1.0,3299.84,2
173.6,Debit,Austin,Online,21.0,Student,160.0,1.0,421.44,3
149.4,Debit,Chicago,ATM,53.0,Retired,123.0,1.0,1035.22,2
388.21,Credit,Columbus,Branch,53.0,Doctor,237.0,1.0,9724.49,1
484.3,Credit,Boston,Online,61.0,Retired,230.0,3.0,7910.3,0
126.04,Credit,Charlotte,Branch,65.0,Retired,167.0,1.0,6041.69,1
52.04,Credit,Colorado Springs,Branch,50.0,Doctor,31.0,1.0,8436.12,1
389.7,Credit,Austin,Branch,62.0,Doctor,216.0,1.0,7125.15,1
309.77,Credit,San Antonio,Online,67.0,Retired,137.0,1.0,4378.14,1
202.55,Debit,Dallas,ATM,21.0,Student,34.0,2.0,701.73,3
724.18,Debit,Fort Worth,Branch,41.0,Doctor,134.0,1.0,10922.78,2
124.98,Debit,Washington,ATM,24.0,Student,78.0,1.0,642.0,3
487.32,Debit,Kansas City,Branch,52.0,Doctor,164.0,1.0,7707.96,2
635.91,Credit,Jacksonville,Branch,46.0,Doctor,78.0,1.0,13267.09,1
205.65,Debit,Houston,Branch,62.0,Retired,144.0,1.0,3582.16,2
39.41,Debit,Louisville,Branch,25.0,Student,132.0,1.0,921.91,3
254.0,Debit,Nashville,Branch,35.0,Doctor,63.0,1.0,5788.53,2
436.8,Debit,Houston,Branch,36.0,Engineer,213.0,1.0,4515.43,2
224.73,Debit,Miami,Branch,76.0,Retired,63.0,1.0,7551.89,2
752.69,Credit,Dallas,ATM,65.0,Doctor,115.0,1.0,14489.69,1
78.5,Credit,San Jose,Branch,31.0,Doctor,41.0,1.0,13991.5,1
50.0,Credit,Jacksonville,ATM,53.0,Doctor,87.0,1.0,185.87,1
132.42,Debit,Denver,ATM,18.0,Student,164.0,1.0,726.39,3
83.16,Debit,Los Angeles,ATM,61.0,Retired,177.0,1.0,3065.87,2
149.02,Credit,Fort Worth,Branch,46.0,Engineer,176.0,1.0,9379.72,1
74.27,Credit,Memphis,Online,59.0,Doctor,148.0,1.0,13696.61,1
876.57,Credit,Portland,ATM,62.0,Retired,118.0,1.0,3743.63,1
615.58,Debit,Jacksonville,ATM,42.0,Doctor,133.0,1.0,14343.0,2
643.03,Credit,Jacksonville,Online,36.0,Engineer,52.0,1.0,2882.16,1
7.95,Debit,Phoenix,ATM,79.0,Retired,65.0,1.0,5631.2,2
270.92,Credit,Louisville,Branch,77.0,Retired,143.0,1.0,4574.43,1
499.48,Debit,Charlotte,ATM,24.0,Student,133.0,1.0,1242.62,3
841.5,Credit,Atlanta,Branch,25.0,Student,287.0,1.0,352.31,3
138.82,Debit,Fort Worth,Online,77.0,Retired,53.0,1.0,3100.22,2
231.46,Credit,Miami,Branch,60.0,Engineer,83.0,1.0,4707.24,1
292.08,Debit,Columbus,ATM,72.0,Retired,32.0,1.0,7950.48,2
63.98,Debit,Baltimore,Online,54.0,Doctor,258.0,1.0,7954.12,2
235.21,Debit,Boston,Branch,67.0,Doctor,74.0,1.0,5946.61,2
201.73,Debit,Baltimore,Online,57.0,Engineer,78.0,1.0,6650.71,2
161.31,Debit,Nashville,ATM,28.0,Student,13.0,1.0,1268.67,3
18.41,Debit,Atlanta,Branch,53.0,Doctor,168.0,1.0,8287.54,2
471.75,Credit,San Jose,Branch,34.0,Doctor,41.0,1.0,12948.5,1
290.02,Debit,Milwaukee,Branch,55.0,Engineer,246.0,1.0,4746.71,2
48.05,Debit,New York,Branch,27.0,Engineer,38.0,1.0,5334.97,2
359.42,Debit,Baltimore,Branch,55.0,Doctor,30.0,1.0,1765.45,2
32.91,Debit,Fort Worth,Online,19.0,Student,255.0,1.0,427.3,3
31.81,Debit,Fort Worth,Online,51.0,Retired,149.0,1.0,1406.6,2
220.2,Debit,Boston,Online,28.0,Student,102.0,1.0,1075.15,3
476.03,Credit,Houston,Branch,77.0,Retired,99.0,1.0,5958.34,1
141.91,Debit,Miami,Branch,23.0,Student,49.0,1.0,791.97,3
95.83,Debit,Washington,Online,27.0,Student,91.0,1.0,1726.4,3
51.15,Credit,Los Angeles,Branch,46.0,Engineer,199.0,1.0,8992.25,1
50.75,Debit,Boston,ATM,62.0,Doctor,185.0,1.0,8271.47,2
185.07,Debit,Colorado Springs,Branch,22.0,Student,159.0,1.0,636.42,3
293.54,Debit,Sacramento,Online,40.0,Engineer,45.0,1.0,2290.1,2
285.26,Debit,Atlanta,ATM,28.0,Student,93.0,1.0,167.72,3
743.03,Debit,New York,ATM,50.0,Engineer,174.0,1.0,4111.38,2
297.86,Credit,Milwaukee,ATM,28.0,Student,96.0,1.0,1680.14,3
231.92,Debit,Indianapolis,ATM,66.0,Doctor,12.0,1.0,5715.08,2
295.82,Credit,Chicago,Branch,47.0,Engineer,46.0,1.0,5897.73,1
81.08,Debit,Omaha,ATM,58.0,Engineer,56.0,1.0,7788.91,2
775.6,Credit,Mesa,Branch,79.0,Retired,158.0,1.0,3898.64,1
211.91,Debit,Indianapolis,Online,20.0,Student,181.0,1.0,927.47,3
17.21,Debit,Omaha,Online,23.0,Student,219.0,1.0,914.16,3
38.37,Debit,San Antonio,ATM,63.0,Doctor,135.0,1.0,8647.04,2
269.79,Debit,San Jose,ATM,52.0,Engineer,17.0,1.0,1292.1,2
605.42,Debit,Mesa,ATM,21.0,Student,33.0,1.0,392.34,3
29.19,Credit,Nashville,Branch,58.0,Doctor,41.0,1.0,12059.85,1
701.7,Credit,Seattle,Online,61.0,Retired,64.0,1.0,6643.24,1
862.34,Debit,Kansas City,Branch,57.0,Doctor,72.0,1.0,9903.48,2
36.97,Debit,Virginia Beach,Branch,41.0,Engineer,79.0,1.0,2850.92,2
137.59,Debit,Nashville,ATM,30.0,Doctor,95.0,1.0,10679.67,2
168.11,Credit,New York,Online,51.0,Doctor,12.0,1.0,10652.13,1
430.98,Debit,Baltimore,Branch,24.0,Student,93.0,1.0,569.25,3
13.87,Debit,Phoenix,Branch,24.0,Student,20.0,1.0,954.83,3
175.07,Debit,Las Vegas,Online,28.0,Engineer,169.0,2.0,9274.64,2
302.82,Debit,Jacksonville,ATM,36.0,Engineer,175.0,1.0,9384.54,2
406.81,Debit,New York,Online,66.0,Retired,84.0,1.0,1968.36,2
256.3,Debit,New York,Online,53.0,Retired,172.0,1.0,4203.05,2
80.96,Credit,Jacksonville,Online,19.0,Student,97.0,1.0,959.94,3
95.78,Debit,Atlanta,Online,22.0,Student,27.0,1.0,271.64,3
379.54,Credit,Indianapolis,Branch,41.0,Doctor,118.0,1.0,12571.76,1
903.19,Debit,El Paso,Online,22.0,Student,65.0,1.0,8627.08,3
142.19,Debit,Houston,Branch,18.0,Student,27.0,4.0,524.46,0
847.45,Debit,Jacksonville,Branch,28.0,Student,175.0,1.0,422.32,3
295.18,Credit,Dallas,Branch,66.0,Doctor,31.0,1.0,12961.53,1
18.46,Debit,Charlotte,Branch,68.0,Retired,213.0,1.0,6381.6,2
603.23,Debit,Detroit,Branch,28.0,Student,48.0,1.0,117.98,3
54.5,Credit,Philadelphia,Branch,57.0,Retired,147.0,1.0,1715.22,1
414.77,Debit,San Francisco,Online,29.0,Doctor,274.0,1.0,5599.81,2
886.19,Debit,Colorado Springs,Branch,61.0,Retired,69.0,1.0,7904.24,2
440.03,Debit,San Jose,Online,49.0,Engineer,88.0,1.0,1490.44,2
76.39,Debit,Denver,Branch,18.0,Student,219.0,1.0,5976.0,3
595.91,Credit,San Antonio,ATM,19.0,Student,162.0,1.0,1673.76,3
6.03,Debit,Chicago,Branch,76.0,Retired,70.0,1.0,3290.72,2
249.34,Debit,Charlotte,ATM,26.0,Engineer,197.0,1.0,3030.97,2
421.52,Debit,San Jose,Branch,20.0,Student,67.0,1.0,369.86,3
189.77,Debit,Raleigh,Branch,58.0,Engineer,24.0,1.0,6570.36,2
73.19,Debit,Atlanta,Branch,76.0,Retired,213.0,1.0,2264.98,2
188.13,Credit,Jacksonville,Online,75.0,Retired,198.0,1.0,5029.87,1
30.52,Debit,Jacksonville,Branch,62.0,Doctor,122.0,1.0,12327.74,2
1235.69,Credit,San Jose,Branch,20.0,Student,118.0,1.0,420.25,3
1159.39,Debit,Oklahoma City,Online,41.0,Doctor,150.0,1.0,6499.53,2
170.24,Debit,San Francisco,Branch,62.0,Retired,133.0,1.0,5172.99,2
56.62,Debit,Austin,Branch,54.0,Doctor,121.0,1.0,8981.1,2
53.14,Debit,Las Vegas,ATM,34.0,Doctor,70.0,1.0,7915.0,2
587.23,Debit,Omaha,Online,27.0,Student,144.0,1.0,500.84,3
21.27,Credit,Indianapolis,Online,62.0,Retired,114.0,1.0,7392.79,1
1397.59,Credit,Austin,ATM,26.0,Student,144.0,1.0,1134.79,3
76.02,Credit,Albuquerque,Online,34.0,Doctor,189.0,1.0,14765.41,1
135.15,Debit,Colorado Springs,Online,72.0,Retired,50.0,1.0,5878.14,2
39.48,Debit,Omaha,ATM,56.0,Retired,38.0,1.0,5889.51,2
451.68,Debit,Houston,Online,33.0,Engineer,15.0,1.0,4381.54,2
355.0,Credit,Fort Worth,Online,26.0,Student,33.0,1.0,185.47,3
427.69,Debit,Raleigh,ATM,43.0,Engineer,236.0,1.0,2443.54,2
254.86,Debit,Boston,Branch,23.0,Student,102.0,1.0,699.9,3
190.17,Debit,Baltimore,ATM,49.0,Doctor,265.0,1.0,12893.85,2
206.63,Credit,Oklahoma City,Online,59.0,Retired,128.0,1.0,7626.53,1
93.22,Debit,Charlotte,Online,52.0,Retired,52.0,1.0,1014.63,2
641.06,Debit,Colorado Springs,ATM,23.0,Student,25.0,1.0,1602.13,3
314.55,Credit,Dallas,Branch,27.0,Student,19.0,2.0,1105.89,3
836.45,Debit,Virginia Beach,Online,61.0,Retired,63.0,1.0,1731.89,2
1095.09,Debit,San Francisco,ATM,29.0,Engineer,52.0,1.0,8692.47,2
189.45,Credit,Boston,Branch,53.0,Doctor,62.0,1.0,12578.75,1
91.84,Credit,Mesa,Branch,67.0,Retired,80.0,1.0,1712.41,1
609.52,Debit,Washington,ATM,78.0,Retired,169.0,1.0,3485.03,2
859.3,Credit,Colorado Springs,Branch,78.0,Retired,68.0,1.0,1146.78,1
100.01,Debit,Philadelphia,ATM,50.0,Doctor,63.0,1.0,6393.12,2
28.78,Credit,Tucson,Online,40.0,Doctor,51.0,1.0,680.55,1
111.08,Debit,Chicago,Online,70.0,Doctor,83.0,1.0,7037.34,2
470.96,Credit,Indianapolis,Online,69.0,Doctor,124.0,2.0,12991.03,1
52.23,Credit,San Francisco,Branch,28.0,Student,96.0,1.0,105.01,3
78.62,Debit,Oklahoma City,Branch,32.0,Doctor,52.0,1.0,1360.85,2
333.97,Debit,Fresno,Branch,52.0,Doctor,45.0,1.0,5237.36,2
30.87,Debit,Fresno,ATM,33.0,Doctor,295.0,1.0,14348.65,2
710.43,Debit,San Diego,Online,67.0,Retired,115.0,1.0,5625.55,2
220.23,Debit,Milwaukee,ATM,41.0,Engineer,48.0,1.0,3438.02,2
27.28,Debit,Atlanta,ATM,29.0,Doctor,96.0,1.0,10668.24,2
101.52,Debit,Tucson,ATM,49.0,Engineer,98.0,1.0,2018.9,2
162.65,Debit,New York,ATM,59.0,Engineer,147.0,1.0,9500.95,2
10.52,Debit,Kansas City,ATM,55.0,Retired,30.0,1.0,2472.99,2
270.72,Debit,Los Angeles,Branch,38.0,Doctor,37.0,1.0,6522.47,2
247.58,Debit,San Antonio,ATM,39.0,Engineer,152.0,1.0,778.74,2
359.65,Credit,Jacksonville,Online,25.0,Student,289.0,1.0,219.53,3
109.91,Debit,Seattle,Branch,38.0,Doctor,90.0,1.0,12896.06,2
215.72,Credit,Columbus,Branch,30.0,Engineer,137.0,1.0,8697.11,1
224.28,Debit,Chicago,Online,64.0,Retired,68.0,1.0,5767.51,2
608.79,Debit,Fort Worth,Online,55.0,Engineer,157.0,1.0,2991.17,2
840.16,Credit,Colorado Springs,Branch,20.0,Student,68.0,1.0,1236.76,3
203.34,Debit,Phoenix,ATM,60.0,Doctor,66.0,1.0,13586.99,2
90.88,Debit,Colorado Springs,ATM,26.0,Engineer,284.0,1.0,7117.35,2
60.11,Credit,Albuquerque,Branch,61.0,Retired,122.0,1.0,7235.87,1
393.92,Debit,Memphis,Branch,72.0,Retired,47.0,1.0,7318.64,2
19.39,Debit,Colorado Springs,ATM,43.0,Doctor,45.0,1.0,9847.6,2
557.41,Credit,Washington,Online,80.0,Retired,49.0,1.0,2968.75,1
57.07,Credit,Boston,Online,31.0,Doctor,99.0,1.0,9323.71,1
395.27,Credit,Miami,Online,18.0,Student,167.0,1.0,1764.08,3
289.05,Debit,New York,ATM,75.0,Retired,116.0,1.0,5683.49,2
46.11,Debit,San Francisco,Online,33.0,Doctor,233.0,1.0,5225.73,2
335.5,Debit,Sacramento,ATM,63.0,Retired,47.0,1.0,6445.4,2
388.07,Debit,Seattle,Online,24.0,Student,68.0,1.0,289.71,3
520.86,Credit,Sacramento,Online,51.0,Engineer,66.0,1.0,9200.74,1
787.41,Debit,Memphis,Online,25.0,Student,39.0,1.0,300.87,3
31.7,Credit,Raleigh,ATM,48.0,Doctor,121.0,1.0,743.9,1
22.3,Debit,Philadelphia,ATM,21.0,Student,90.0,1.0,1200.35,3
203.12,Debit,San Jose,ATM,56.0,Retired,181.0,1.0,1562.39,2
315.94,Credit,Raleigh,Branch,49.0,Doctor,172.0,1.0,7719.71,1
192.23,Debit,Albuquerque,Online,54.0,Engineer,39.0,3.0,2610.67,0
1510.71,Debit,Oklahoma City,Online,66.0,Retired,51.0,1.0,2060.02,2
0.26,Debit,Oklahoma City,Online,20.0,Student,173.0,1.0,1833.67,3
210.77,Debit,Mesa,ATM,71.0,Retired,161.0,1.0,5396.65,2
406.65,Debit,Mesa,ATM,57.0,Doctor,107.0,1.0,12995.7,2
422.9,Debit,Tucson,ATM,40.0,Engineer,111.0,1.0,7616.43,2
20.62,Credit,Philadelphia,ATM,35.0,Doctor,225.0,1.0,12500.8,1
174.39,Debit,San Francisco,ATM,19.0,Student,36.0,1.0,1127.08,3
54.85,Credit,San Francisco,Branch,58.0,Retired,40.0,1.0,2727.45,1
204.7,Debit,Oklahoma City,Branch,49.0,Doctor,95.0,5.0,5117.03,0
16.55,Debit,Tucson,Branch,26.0,Engineer,159.0,1.0,6089.79,2
91.32,Debit,Milwaukee,Branch,58.0,Engineer,77.0,1.0,2618.1,2
49.62,Debit,Portland,ATM,55.0,Engineer,111.0,1.0,3841.42,2
487.16,Credit,Los Angeles,Branch,28.0,Student,84.0,1.0,321.21,3
405.6,Debit,Tucson,Online,37.0,Engineer,44.0,1.0,9754.73,2
512.95,Debit,Columbus,Branch,57.0,Engineer,143.0,1.0,9584.52,2
345.94,Debit,Portland,ATM,31.0,Doctor,163.0,1.0,7624.56,2
356.56,Debit,New York,Online,47.0,Engineer,52.0,1.0,2485.73,2
10.31,Debit,Louisville,Online,36.0,Engineer,280.0,1.0,2137.9,2
211.69,Debit,Atlanta,Branch,30.0,Doctor,111.0,1.0,6412.85,2
221.49,Credit,Oklahoma City,Branch,23.0,Student,196.0,1.0,707.25,3
116.88,Debit,Memphis,ATM,45.0,Doctor,263.0,1.0,7717.34,2
328.77,Credit,San Diego,Online,39.0,Doctor,247.0,1.0,6967.03,1
77.53,Debit,Louisville,Branch,54.0,Retired,55.0,1.0,5158.6,2
421.74,Debit,San Jose,Online,67.0,Doctor,103.0,1.0,12031.14,2
313.69,Debit,Oklahoma City,Branch,73.0,Retired,152.0,1.0,7093.68,2
411.72,Debit,Washington,Branch,29.0,Doctor,153.0,1.0,8539.86,2
508.73,Debit,Chicago,Branch,59.0,Retired,89.0,1.0,7640.57,2
153.08,Debit,Omaha,ATM,24.0,Student,201.0,1.0,1292.21,3
23.01,Debit,Las Vegas,Branch,63.0,Retired,166.0,1.0,5958.75,2
69.28,Debit,Los Angeles,Online,25.0,Student,129.0,1.0,708.74,3
51.25,Credit,Austin,Branch,28.0,Student,66.0,1.0,1744.4,3
407.65,Debit,Denver,ATM,25.0,Student,263.0,1.0,273.78,3
459.25,Debit,Tucson,Branch,25.0,Student,59.0,1.0,130.76,3
301.56,Debit,Seattle,Branch,49.0,Doctor,118.0,1.0,10389.6,2
17.67,Debit,San Diego,Online,63.0,Doctor,91.0,1.0,1048.18,2
5.29,Credit,San Francisco,Online,32.0,Doctor,132.0,1.0,12896.68,1
401.37,Debit,Los Angeles,Branch,43.0,Engineer,251.0,1.0,8208.54,2
145.4,Debit,Tucson,Online,38.0,Engineer,24.0,1.0,5244.49,2
34.31,Debit,Philadelphia,ATM,24.0,Student,251.0,1.0,1484.76,3
780.59,Credit,Tucson,Online,23.0,Student,145.0,1.0,6513.34,3
282.65,Debit,Fort Worth,ATM,35.0,Doctor,161.0,1.0,13801.15,2
305.27,Debit,Las Vegas,Online,68.0,Doctor,147.0,1.0,12958.65,2
185.81,Debit,Austin,Online,32.0,Doctor,116.0,1.0,9588.71,2
447.95,Debit,Tucson,Branch,29.0,Engineer,75.0,1.0,7544.4,2
279.3,Debit,Oklahoma City,ATM,19.0,Student,48.0,1.0,1193.61,3
611.15,Debit,Detroit,ATM,27.0,Student,121.0,1.0,892.83,3
275.2,Debit,New York,Online,54.0,Engineer,81.0,1.0,1230.12,2
427.79,Debit,San Jose,Branch,18.0,Student,189.0,1.0,1479.67,3
102.81,Debit,Seattle,Branch,76.0,Retired,47.0,1.0,3228.87,2
22.61,Debit,Seattle,Online,19.0,Student,145.0,1.0,1111.67,3
68.28,Debit,Boston,Online,56.0,Engineer,293.0,1.0,3213.16,2
33.65,Credit,New York,Online,63.0,Doctor,146.0,1.0,12719.93,1
362.68,Credit,Miami,ATM,63.0,Retired,137.0,1.0,2040.77,1
73.23,Debit,San Francisco,Branch,20.0,Student,172.0,1.0,1309.85,3
654.49,Credit,Austin,Online,25.0,Student,104.0,1.0,164.61,3
18.56,Credit,Memphis,Branch,49.0,Engineer,161.0,1.0,4230.37,1
389.05,Debit,Dallas,ATM,27.0,Student,41.0,1.0,761.0,3
66.91,Debit,Seattle,ATM,39.0,Doctor,85.0,1.0,871.1,2
335.48,Debit,Oklahoma City,Branch,45.0,Engineer,155.0,1.0,3023.16,2
38.14,Debit,Albuquerque,Online,19.0,Student,174.0,1.0,1119.21,3
1076.98,Debit,Detroit,Branch,60.0,Doctor,173.0,1.0,11833.73,2
360.02,Debit,Dallas,Online,68.0,Retired,68.0,1.0,6400.59,2
567.71,Debit,Memphis,Online,63.0,Doctor,80.0,1.0,13884.24,2
218.19,Debit,Austin,ATM,19.0,Student,185.0,1.0,620.83,3
209.99,Debit,Denver,ATM,19.0,Student,40.0,1.0,1938.01,3
11.02,Debit,Tucson,Branch,19.0,Student,280.0,1.0,964.79,3
83.43,Debit,New York,Online,56.0,Retired,109.0,1.0,1870.16,2
344.97,Debit,Austin,Online,34.0,Doctor,106.0,1.0,5577.94,2
172.29,Debit,El Paso,ATM,36.0,Engineer,283.0,1.0,8700.8,2
195.54,Debit,Omaha,Online,60.0,Retired,255.0,1.0,2794.66,2
180.46,Debit,Fresno,ATM,25.0,Student,34.0,1.0,831.75,3
692.55,Debit,Charlotte,Branch,53.0,Retired,109.0,1.0,2451.56,2
147.31,Credit,Mesa,Online,34.0,Doctor,92.0,1.0,13625.52,1
107.48,Debit,Los Angeles,Branch,20.0,Student,103.0,1.0,1379.39,3
1831.02,Credit,Columbus,Online,62.0,Doctor,83.0,1.0,11498.01,1
81.51,Debit,Washington,Branch,25.0,Student,97.0,1.0,865.49,3
365.48,Credit,Seattle,Online,76.0,Retired,216.0,1.0,7147.4,1
491.1,Credit,Houston,Online,35.0,Engineer,125.0,1.0,7833.85,1
452.8,Debit,Los Angeles,Branch,80.0,Retired,151.0,1.0,4840.67,2
88.42,Debit,El Paso,ATM,62.0,Doctor,91.0,1.0,12381.45,2
155.53,Debit,Baltimore,ATM,29.0,Engineer,66.0,1.0,4008.05,2
991.82,Debit,Milwaukee,Online,43.0,Engineer,300.0,1.0,3493.13,2
39.24,Debit,Dallas,ATM,77.0,Retired,106.0,1.0,6462.41,2
152.01,Debit,Fort Worth,ATM,42.0,Engineer,111.0,3.0,4625.12,0
78.77,Credit,Las Vegas,ATM,48.0,Engineer,50.0,1.0,6470.57,1
26.5,Debit,Indianapolis,Online,48.0,Engineer,179.0,1.0,4854.83,2
83.62,Debit,Raleigh,ATM,48.0,Doctor,146.0,1.0,12652.22,2
142.78,Debit,San Diego,Branch,68.0,Doctor,150.0,1.0,11705.88,2
55.99,Debit,El Paso,ATM,35.0,Doctor,95.0,1.0,932.61,2
774.48,Debit,Louisville,Branch,61.0,Doctor,31.0,1.0,11613.58,2
105.37,Debit,Sacramento,ATM,25.0,Student,160.0,1.0,1068.55,3
118.83,Debit,Virginia Beach,Online,28.0,Student,295.0,1.0,1616.3,3
46.22,Debit,San Jose,Branch,23.0,Student,217.0,1.0,471.28,3
659.71,Credit,San Jose,Branch,21.0,Student,148.0,1.0,106.86,3
377.97,Debit,Miami,Online,72.0,Retired,160.0,1.0,2457.1,2
114.1,Debit,Boston,Branch,69.0,Retired,148.0,1.0,5882.12,2
11.3,Credit,Louisville,Online,55.0,Retired,41.0,1.0,1938.99,1
95.5,Debit,Omaha,Online,57.0,Retired,17.0,1.0,4079.09,2
130.93,Credit,Houston,Branch,28.0,Engineer,149.0,1.0,860.12,1
272.97,Debit,Boston,Online,68.0,Retired,174.0,1.0,7811.31,2
73.35,Debit,San Francisco,Branch,24.0,Student,47.0,1.0,1181.84,3
29.94,Debit,San Francisco,ATM,58.0,Doctor,243.0,1.0,10915.54,2
307.24,Debit,San Jose,ATM,19.0,Student,136.0,2.0,1670.72,3
820.46,Credit,Fort Worth,Online,53.0,Engineer,243.0,1.0,5621.86,1
153.07,Debit,Detroit,ATM,56.0,Engineer,116.0,1.0,8873.43,2
52.94,Debit,Tucson,Branch,41.0,Doctor,146.0,1.0,6990.92,2
384.41,Debit,Jacksonville,ATM,60.0,Engineer,65.0,1.0,7831.56,2
235.42,Debit,Phoenix,Branch,51.0,Retired,175.0,1.0,6173.23,2
114.23,Debit,Dallas,ATM,56.0,Doctor,64.0,1.0,9523.72,2
12.62,Debit,El Paso,Branch,33.0,Doctor,61.0,1.0,6420.47,2
997.37,Debit,Fort Worth,ATM,23.0,Student,145.0,1.0,1146.09,3
373.52,Debit,Colorado Springs,ATM,35.0,Engineer,235.0,1.0,6430.41,2
336.05,Debit,San Antonio,Branch,28.0,Student,164.0,1.0,1635.05,3
112.27,Debit,Seattle,Branch,58.0,Doctor,102.0,1.0,7369.89,2
494.96,Debit,Sacramento,ATM,40.0,Engineer,132.0,1.0,6903.68,2
561.58,Debit,Sacramento,Online,65.0,Doctor,23.0,1.0,11748.86,2
440.94,Debit,San Antonio,Online,42.0,Doctor,148.0,1.0,7303.23,2
71.9,Debit,Los Angeles,Branch,29.0,Doctor,51.0,1.0,10619.35,2
256.66,Credit,Raleigh,Online,54.0,Retired,137.0,1.0,1794.5,1
166.55,Credit,Houston,Branch,59.0,Doctor,99.0,1.0,12970.21,1
276.26,Debit,Louisville,Branch,56.0,Doctor,143.0,1.0,120.89,2
35.46,Debit,Indianapolis,ATM,67.0,Doctor,164.0,1.0,5692.31,2
38.14,Debit,Portland,Branch,50.0,Engineer,165.0,1.0,9879.87,2
506.26,Credit,Baltimore,ATM,64.0,Retired,86.0,1.0,6266.65,1
736.32,Debit,Indianapolis,Online,31.0,Doctor,28.0,1.0,14268.95,2
389.43,Credit,Austin,ATM,52.0,Engineer,151.0,1.0,6449.83,1
25.58,Debit,Omaha,ATM,60.0,Engineer,166.0,1.0,6741.41,2
446.1,Debit,Seattle,ATM,25.0,Student,243.0,1.0,1008.44,3
147.74,Debit,Raleigh,Branch,23.0,Student,15.0,1.0,1711.78,3
1228.81,Debit,San Francisco,ATM,26.0,Student,254.0,1.0,1821.0,3
46.23,Debit,Fresno,Online,77.0,Retired,282.0,1.0,5107.75,2
265.37,Debit,Washington,Branch,33.0,Engineer,77.0,1.0,5229.95,2
342.57,Debit,Boston,Online,20.0,Student,91.0,1.0,339.16,3
417.26,Credit,New York,Online,32.0,Doctor,45.0,1.0,10442.48,1
33.63,Debit,Columbus,Online,63.0,Retired,76.0,1.0,4324.4,2
64.58,Debit,El Paso,Branch,55.0,Retired,173.0,1.0,6292.29,2
23.23,Credit,Miami,Branch,21.0,Student,122.0,1.0,269.01,3
285.49,Credit,Charlotte,Branch,53.0,Doctor,109.0,1.0,6366.84,1
71.87,Debit,Nashville,ATM,22.0,Student,258.0,1.0,1839.1,3
308.8,Debit,Baltimore,ATM,53.0,Retired,41.0,1.0,3966.54,2
288.43,Debit,Phoenix,Branch,66.0,Retired,72.0,1.0,4577.09,2
147.46,Credit,Albuquerque,Online,65.0,Doctor,205.0,1.0,7458.03,1
71.34,Debit,Miami,Online,49.0,Engineer,144.0,3.0,6345.03,0
170.36,Debit,Indianapolis,ATM,30.0,Doctor,118.0,1.0,6034.73,2
965.66,Debit,Raleigh,ATM,53.0,Engineer,32.0,1.0,765.81,2
736.53,Debit,Philadelphia,ATM,55.0,Engineer,120.0,1.0,9826.26,2
213.42,Debit,Columbus,ATM,45.0,Engineer,17.0,1.0,3736.38,2
94.09,Debit,Miami,Branch,27.0,Student,203.0,1.0,646.85,3
263.92,Credit,San Diego,Branch,57.0,Retired,233.0,1.0,4161.71,1
77.5,Credit,Fort Worth,Online,51.0,Doctor,201.0,1.0,11079.77,1
3.65,Debit,Miami,Online,69.0,Doctor,146.0,1.0,10017.11,2
224.79,Debit,Boston,Online,18.0,Student,129.0,1.0,528.38,3
64.3,Debit,Louisville,ATM,55.0,Retired,67.0,1.0,7530.3,2
111.79,Debit,Jacksonville,Online,62.0,Doctor,49.0,1.0,10887.59,2
927.16,Debit,San Francisco,ATM,59.0,Retired,153.0,1.0,7104.61,2
613.7,Credit,Fort Worth,Branch,61.0,Retired,37.0,1.0,7307.11,1
26.07,Debit,Baltimore,Branch,20.0,Student,19.0,3.0,349.98,0
170.45,Debit,San Francisco,Branch,60.0,Engineer,199.0,1.0,2284.41,2
344.27,Debit,San Antonio,Branch,22.0,Student,123.0,1.0,1918.36,3
872.72,Debit,Washington,Online,22.0,Student,288.0,1.0,503.01,3
292.95,Debit,Memphis,Branch,37.0,Engineer,56.0,1.0,1216.91,2
28.44,Debit,Fresno,ATM,18.0,Student,243.0,1.0,1071.04,3
209.02,Debit,El Paso,ATM,21.0,Student,74.0,1.0,187.9,3
20.05,Debit,Chicago,ATM,72.0,Retired,171.0,1.0,7145.67,2
175.02,Debit,Phoenix,Online,28.0,Student,71.0,1.0,1493.88,3
89.5,Credit,Louisville,Branch,41.0,Engineer,134.0,1.0,8658.95,1
69.96,Debit,Baltimore,Branch,28.0,Student,31.0,1.0,164.12,3
376.78,Credit,Nashville,Online,21.0,Student,88.0,1.0,841.65,3
148.54,Credit,Columbus,Branch,71.0,Retired,107.0,1.0,5677.05,1
388.77,Credit,Jacksonville,Online,26.0,Student,30.0,1.0,1658.49,3
100.38,Debit,Seattle,Branch,63.0,Doctor,49.0,1.0,10171.68,2
137.23,Debit,Fresno,Branch,64.0,Doctor,63.0,1.0,13847.99,2
870.3,Debit,San Jose,ATM,51.0,Retired,229.0,1.0,3688.98,2
458.94,Debit,Detroit,Branch,52.0,Engineer,180.0,1.0,5619.95,2
327.35,Credit,Memphis,Branch,20.0,Student,175.0,1.0,342.08,3
757.15,Debit,Raleigh,Online,53.0,Engineer,38.0,1.0,4702.86,2
47.23,Credit,Memphis,Online,73.0,Retired,160.0,1.0,6659.81,1
170.97,Debit,Nashville,Branch,26.0,Student,292.0,1.0,1265.27,3
262.43,Credit,San Diego,Online,37.0,Doctor,274.0,5.0,12841.01,0
659.15,Debit,Boston,ATM,22.0,Student,204.0,1.0,1241.59,3
31.53,Debit,Kansas City,Online,25.0,Student,283.0,1.0,874.93,3
250.01,Debit,Kansas City,ATM,62.0,Retired,88.0,1.0,1541.48,2
554.15,Debit,Raleigh,ATM,49.0,Doctor,108.0,1.0,14817.22,2
28.38,Debit,Sacramento,Branch,55.0,Doctor,98.0,1.0,173.7,2
16.8,Debit,San Diego,ATM,49.0,Doctor,94.0,1.0,11847.07,2
896.79,Debit,Dallas,Online,33.0,Doctor,168.0,1.0,11146.74,2
159.0,Debit,Las Vegas,ATM,49.0,Engineer,38.0,1.0,369.79,2
56.31,Credit,Houston,Online,75.0,Retired,195.0,1.0,6396.08,1
203.99,Debit,Philadelphia,Online,52.0,Retired,215.0,1.0,4840.31,2
50.99,Debit,Detroit,Branch,29.0,Doctor,76.0,1.0,1334.6,2
101.28,Credit,Chicago,Online,32.0,Engineer,75.0,1.0,2774.35,1
299.92,Debit,Denver,ATM,27.0,Student,122.0,1.0,1368.0,3
18.35,Debit,Nashville,Branch,21.0,Student,78.0,1.0,1293.39,3
732.53,Credit,San Jose,ATM,26.0,Student,116.0,1.0,441.54,3
65.11,Debit,Nashville,ATM,34.0,Engineer,150.0,1.0,8485.14,2
67.07,Credit,Los Angeles,ATM,24.0,Student,56.0,1.0,999.62,3
137.48,Debit,Seattle,Branch,55.0,Doctor,47.0,1.0,14273.42,2
398.36,Debit,Columbus,ATM,22.0,Student,56.0,1.0,1863.7,3
469.46,Debit,New York,ATM,20.0,Student,149.0,1.0,8640.56,3
37.58,Debit,Indianapolis,ATM,57.0,Doctor,182.0,1.0,259.44,2
160.24,Debit,Washington,ATM,31.0,Engineer,15.0,1.0,5526.97,2
315.39,Credit,New York,Branch,23.0,Student,93.0,1.0,929.6,3
434.17,Debit,Atlanta,ATM,21.0,Student,148.0,5.0,5335.44,0
165.91,Debit,Jacksonville,ATM,26.0,Student,84.0,1.0,587.12,3
211.36,Debit,San Francisco,Branch,47.0,Engineer,194.0,1.0,4760.34,2
241.45,Debit,Portland,Online,26.0,Student,158.0,1.0,1594.04,3
23.24,Debit,Indianapolis,Branch,68.0,Doctor,129.0,1.0,13777.79,2
70.88,Credit,Omaha,Branch,74.0,Retired,176.0,1.0,1794.65,1
314.52,Debit,Memphis,ATM,80.0,Retired,229.0,1.0,7071.32,2
181.81,Credit,Austin,Online,78.0,Retired,122.0,1.0,7525.73,1
854.64,Debit,Fort Worth,Branch,56.0,Retired,118.0,1.0,2989.25,2
261.19,Debit,Oklahoma City,ATM,64.0,Retired,52.0,1.0,7620.6,2
220.68,Credit,Raleigh,Online,71.0,Retired,217.0,1.0,5549.2,1
11.86,Debit,Sacramento,Branch,31.0,Engineer,129.0,1.0,6782.61,2
122.65,Debit,Columbus,Online,28.0,Student,41.0,1.0,1968.51,3
395.16,Debit,Milwaukee,Online,56.0,Retired,17.0,1.0,5340.73,2
704.69,Debit,Las Vegas,Online,51.0,Retired,150.0,1.0,3267.84,2
369.89,Debit,San Antonio,ATM,69.0,Retired,69.0,1.0,6941.47,2
10.92,Debit,Jacksonville,ATM,67.0,Retired,268.0,1.0,7567.2,2
199.14,Debit,Seattle,Branch,31.0,Engineer,36.0,1.0,7001.25,2
620.54,Credit,Omaha,Branch,28.0,Student,98.0,1.0,213.36,3
757.79,Debit,Charlotte,Online,22.0,Student,117.0,1.0,1443.02,3
122.81,Debit,San Jose,Branch,52.0,Doctor,12.0,1.0,8450.84,2
96.25,Debit,Houston,Online,61.0,Retired,171.0,1.0,7996.7,2
1431.33,Debit,Charlotte,ATM,30.0,Doctor,49.0,1.0,5567.98,2
142.55,Debit,Kansas City,Online,67.0,Doctor,97.0,1.0,1262.68,2
35.94,Credit,Fresno,Branch,23.0,Student,141.0,1.0,1697.28,3
24.86,Debit,Jacksonville,Branch,58.0,Engineer,292.0,1.0,2591.65,2
103.08,Debit,San Francisco,Online,60.0,Doctor,109.0,1.0,12002.16,2
116.27,Debit,Portland,Online,57.0,Engineer,94.0,1.0,8726.92,2
363.84,Debit,Columbus,Online,73.0,Retired,118.0,3.0,5415.64,0
50.9,Credit,Jacksonville,Online,28.0,Student,150.0,1.0,1277.7,3
206.84,Debit,Philadelphia,Branch,20.0,Student,154.0,1.0,454.66,3
199.37,Debit,Chicago,Online,24.0,Student,79.0,1.0,1331.3,3
1360.01,Credit,Phoenix,Branch,67.0,Retired,218.0,1.0,6601.5,1
18.23,Debit,Nashville,ATM,56.0,Engineer,28.0,1.0,8422.2,2
398.7,Debit,Albuquerque,ATM,47.0,Doctor,276.0,1.0,7987.74,2
378.2,Debit,Mesa,Branch,40.0,Engineer,167.0,1.0,7372.81,2
124.74,Debit,Los Angeles,ATM,49.0,Engineer,33.0,1.0,2987.97,2
17.1,Debit,Albuquerque,ATM,53.0,Retired,101.0,1.0,1619.54,2
287.05,Debit,Milwaukee,ATM,22.0,Student,212.0,1.0,1204.65,3
874.72,Debit,San Francisco,Online,28.0,Engineer,173.0,1.0,4630.58,2
1762.28,Debit,Memphis,ATM,24.0,Student,150.0,1.0,1380.34,3
40.12,Credit,Dallas,ATM,36.0,Doctor,269.0,1.0,14304.38,1
125.0,Credit,Indianapolis,Online,49.0,Engineer,177.0,1.0,3215.76,1
348.44,Debit,Baltimore,Online,24.0,Student,147.0,1.0,1022.94,3
128.4,Debit,Tucson,ATM,69.0,Retired,31.0,1.0,2610.64,2
320.93,Debit,Atlanta,Online,55.0,Engineer,178.0,1.0,9451.66,2
1.41,Debit,Sacramento,ATM,53.0,Retired,278.0,1.0,1244.17,2
50.52,Debit,Los Angeles,Branch,54.0,Doctor,293.0,1.0,12815.24,2
383.95,Credit,San Diego,Online,31.0,Engineer,143.0,1.0,9933.56,1
12.94,Debit,Fresno,Branch,23.0,Student,158.0,1.0,921.23,3
329.75,Debit,Sacramento,Online,56.0,Retired,211.0,1.0,6009.43,2
981.76,Debit,Milwaukee,Online,45.0,Doctor,234.0,1.0,602.36,2
99.25,Credit,Phoenix,Online,63.0,Retired,93.0,1.0,2570.34,1
150.6,Debit,Miami,ATM,69.0,Retired,59.0,1.0,3240.14,2
29.5,Debit,San Antonio,Online,73.0,Retired,129.0,1.0,1229.32,2
54.34,Debit,Albuquerque,ATM,65.0,Doctor,46.0,1.0,8019.89,2
18.25,Debit,Kansas City,ATM,53.0,Doctor,18.0,1.0,14328.29,2
633.87,Debit,Kansas City,Online,27.0,Student,175.0,1.0,330.16,3
81.15,Debit,Miami,ATM,19.0,Student,114.0,1.0,1595.26,3
83.95,Debit,New York,Online,75.0,Retired,170.0,1.0,7413.18,2
410.4,Credit,Virginia Beach,ATM,61.0,Retired,78.0,1.0,2563.91,1
172.68,Debit,Baltimore,ATM,33.0,Doctor,17.0,1.0,10724.95,2
139.88,Debit,Colorado Springs,ATM,34.0,Engineer,162.0,1.0,2969.71,2
165.55,Debit,Dallas,Branch,28.0,Student,115.0,1.0,761.78,3
53.79,Credit,Philadelphia,ATM,54.0,Engineer,137.0,3.0,6229.36,0
285.69,Debit,Miami,ATM,63.0,Retired,35.0,1.0,2552.54,2
532.4,Debit,Jacksonville,ATM,22.0,Student,149.0,1.0,1033.73,3
293.85,Debit,Charlotte,Online,25.0,Student,144.0,1.0,1919.97,3
27.94,Debit,Atlanta,Branch,79.0,Retired,120.0,1.0,1893.44,2
270.36,Debit,Oklahoma City,ATM,25.0,Student,37.0,1.0,1783.04,3
112.66,Debit,Philadelphia,Online,29.0,Engineer,176.0,3.0,852.98,0
506.03,Debit,Detroit,Branch,21.0,Student,21.0,1.0,1123.89,3
206.95,Debit,Seattle,Branch,22.0,Student,31.0,1.0,1817.65,3
350.96,Debit,Tucson,ATM,63.0,Retired,167.0,1.0,5463.94,2
261.63,Debit,Chicago,Branch,20.0,Student,150.0,1.0,477.03,3
46.12,Debit,Fresno,Branch,59.0,Doctor,30.0,1.0,8874.01,2
27.25,Credit,Kansas City,Branch,63.0,Retired,92.0,1.0,5365.2,1
1353.93,Debit,El Paso,Branch,26.0,Engineer,171.0,1.0,7858.41,2
331.66,Debit,Las Vegas,ATM,76.0,Retired,145.0,1.0,7216.3,2
667.95,Credit,Oklahoma City,ATM,62.0,Doctor,253.0,1.0,13558.56,1
556.04,Debit,Denver,ATM,72.0,Retired,27.0,1.0,5200.04,2
88.06,Credit,Raleigh,Online,18.0,Student,288.0,1.0,1779.85,3
67.25,Debit,Miami,Online,19.0,Student,157.0,1.0,467.4,3
93.63,Debit,New York,ATM,29.0,Engineer,141.0,1.0,9873.62,2
41.13,Credit,Philadelphia,Branch,77.0,Retired,58.0,1.0,6067.54,1
192.02,Credit,Indianapolis,Online,79.0,Retired,154.0,1.0,5169.07,1
291.27,Debit,Detroit,Branch,77.0,Retired,121.0,1.0,6878.86,2
341.84,Credit,El Paso,Branch,27.0,Student,89.0,1.0,1400.04,3
98.41,Debit,Sacramento,Online,27.0,Student,48.0,1.0,912.71,3
109.28,Debit,San Diego,Online,36.0,Engineer,112.0,4.0,6338.35,0
27.51,Credit,Columbus,Online,40.0,Doctor,103.0,1.0,13645.63,1
25.77,Credit,San Diego,Online,45.0,Doctor,277.0,1.0,11749.77,1
127.57,Debit,Nashville,ATM,52.0,Retired,75.0,1.0,6118.2,2
392.05,Debit,Denver,ATM,60.0,Engineer,172.0,1.0,4383.69,2
521.01,Credit,Seattle,Branch,41.0,Engineer,73.0,1.0,4004.55,1
849.76,Debit,Seattle,ATM,25.0,Student,269.0,1.0,373.88,3
172.5,Debit,Columbus,Online,68.0,Doctor,31.0,1.0,6851.16,2
152.34,Debit,Omaha,Branch,55.0,Doctor,115.0,1.0,6853.51,2
21.13,Debit,Dallas,Branch,28.0,Student,153.0,1.0,948.7,3
111.55,Debit,Denver,ATM,46.0,Doctor,101.0,1.0,12221.17,2
321.82,Credit,Raleigh,Branch,32.0,Engineer,43.0,1.0,6500.5,1
1294.81,Credit,Washington,Branch,45.0,Engineer,279.0,1.0,9927.75,1
148.77,Debit,San Jose,Branch,67.0,Retired,175.0,1.0,2138.42,2
566.33,Credit,Charlotte,ATM,24.0,Student,66.0,1.0,379.82,3
180.94,Debit,Raleigh,Branch,75.0,Retired,57.0,1.0,7659.99,2
77.9,Debit,Washington,Branch,21.0,Student,128.0,1.0,664.72,3
318.92,Credit,Washington,Branch,21.0,Student,60.0,1.0,1167.25,3
100.68,Debit,Memphis,Online,63.0,Retired,139.0,1.0,1123.75,2
589.64,Debit,Charlotte,Online,62.0,Retired,210.0,1.0,2039.4,2
225.93,Credit,Omaha,Branch,25.0,Student,199.0,1.0,1864.27,3
651.55,Debit,Phoenix,Online,72.0,Retired,82.0,1.0,2325.78,2
80.97,Debit,Seattle,Online,38.0,Doctor,157.0,1.0,5926.31,2
191.89,Debit,San Antonio,Branch,25.0,Student,14.0,1.0,399.57,3
304.75,Credit,Austin,Branch,78.0,Retired,125.0,1.0,1916.34,1
201.53,Debit,Tucson,Online,68.0,Retired,287.0,1.0,2732.86,2
8.45,Debit,Philadelphia,ATM,22.0,Student,141.0,1.0,1115.3,3
743.24,Credit,Indianapolis,Online,19.0,Student,109.0,1.0,1024.19,3
16.27,Debit,Atlanta,ATM,57.0,Doctor,44.0,1.0,10971.32,2
290.86,Debit,Louisville,Online,45.0,Doctor,36.0,1.0,14631.88,2
555.71,Credit,Boston,Branch,22.0,Student,73.0,1.0,830.37,3
73.01,Credit,Milwaukee,Online,25.0,Student,62.0,1.0,1997.33,3
346.12,Debit,San Francisco,Branch,44.0,Doctor,12.0,1.0,13084.27,2
1.93,Debit,Chicago,Branch,47.0,Doctor,175.0,5.0,5684.09,0
238.54,Debit,Indianapolis,ATM,19.0,Student,12.0,4.0,868.91,0
7.56,Debit,Milwaukee,ATM,40.0,Doctor,145.0,1.0,8528.72,2
540.4,Debit,Houston,Branch,45.0,Doctor,272.0,1.0,425.77,2
264.14,Debit,Baltimore,ATM,64.0,Doctor,125.0,1.0,8459.26,2
248.15,Debit,Milwaukee,ATM,75.0,Retired,202.0,1.0,2649.23,2
24.34,Debit,Raleigh,Branch,54.0,Engineer,110.0,1.0,6659.12,2
428.61,Debit,Fort Worth,ATM,66.0,Doctor,62.0,1.0,11937.04,2
117.66,Credit,Memphis,Branch,39.0,Doctor,126.0,1.0,6794.17,1
165.8,Debit,Nashville,Online,60.0,Engineer,287.0,1.0,2064.76,2
289.18,Debit,Baltimore,ATM,65.0,Retired,64.0,1.0,3139.75,2
125.39,Debit,Los Angeles,ATM,21.0,Student,140.0,1.0,202.69,3
506.9,Credit,Houston,Branch,64.0,Doctor,56.0,1.0,11471.87,1
504.12,Credit,Baltimore,Branch,25.0,Student,101.0,1.0,1107.28,3
42.09,Debit,Denver,Branch,29.0,Engineer,118.0,1.0,5526.28,2
607.28,Debit,Baltimore,ATM,32.0,Doctor,84.0,1.0,9679.68,2
91.9,Debit,Chicago,Online,77.0,Retired,125.0,1.0,1033.94,2
303.43,Debit,Virginia Beach,Branch,22.0,Student,30.0,1.0,1833.24,3
668.78,Debit,Mesa,ATM,20.0,Student,141.0,1.0,983.68,3
270.54,Credit,Sacramento,ATM,20.0,Student,139.0,1.0,269.78,3
247.93,Debit,Indianapolis,Branch,37.0,Engineer,79.0,1.0,9801.48,2
34.67,Debit,Chicago,Online,19.0,Student,71.0,1.0,888.6,3
326.03,Credit,New York,Online,18.0,Student,137.0,1.0,290.24,3
1086.6,Debit,San Diego,Online,19.0,Student,38.0,1.0,1605.67,3
373.99,Debit,Sacramento,ATM,60.0,Doctor,140.0,1.0,8590.5,2
819.48,Debit,Virginia Beach,ATM,25.0,Student,26.0,1.0,1804.5,3
14.0,Debit,San Antonio,ATM,49.0,Engineer,173.0,1.0,7975.18,2
57.16,Debit,Columbus,ATM,40.0,Engineer,74.0,1.0,222.22,2
282.26,Debit,Memphis,Online,37.0,Engineer,278.0,1.0,6857.2,2
473.2,Debit,Houston,Online,34.0,Doctor,173.0,1.0,248.52,2
192.97,Debit,Sacramento,ATM,59.0,Retired,140.0,1.0,3019.04,2
168.99,Debit,Baltimore,ATM,18.0,Student,203.0,1.0,1523.57,3
1.82,Debit,San Francisco,Online,80.0,Retired,60.0,1.0,5571.39,2
40.9,Debit,Charlotte,ATM,55.0,Doctor,37.0,1.0,1514.34,2
78.91,Debit,Sacramento,Online,61.0,Doctor,157.0,1.0,1817.43,2
169.97,Credit,San Diego,ATM,22.0,Student,12.0,1.0,6269.12,3
17.79,Debit,Jacksonville,Branch,61.0,Retired,162.0,5.0,2281.9,0
486.61,Credit,Sacramento,ATM,48.0,Engineer,130.0,1.0,2006.69,1
148.13,Debit,Phoenix,Branch,58.0,Retired,56.0,1.0,2189.38,2
164.52,Debit,Dallas,ATM,61.0,Doctor,162.0,1.0,11036.74,2
268.7,Debit,Milwaukee,ATM,53.0,Retired,63.0,1.0,2104.74,2
637.34,Debit,Indianapolis,ATM,51.0,Retired,278.0,1.0,5183.5,2
216.76,Credit,Omaha,Online,47.0,Engineer,138.0,1.0,643.64,1
418.02,Debit,Los Angeles,ATM,46.0,Doctor,110.0,1.0,11011.86,2
292.03,Credit,Memphis,ATM,46.0,Engineer,154.0,1.0,951.33,1
251.4,Debit,Tucson,ATM,57.0,Retired,178.0,1.0,2561.67,2
184.56,Debit,Virginia Beach,Online,21.0,Student,93.0,1.0,1549.27,3
33.76,Debit,Seattle,Online,26.0,Engineer,227.0,1.0,3253.51,2
1612.37,Debit,Los Angeles,ATM,65.0,Retired,173.0,1.0,3910.59,2
138.68,Credit,Colorado Springs,Branch,22.0,Student,44.0,1.0,206.2,3
42.56,Debit,Fresno,Online,18.0,Student,146.0,1.0,4361.44,3
53.83,Debit,Baltimore,Branch,70.0,Retired,131.0,1.0,4580.59,2
11.09,Debit,Charlotte,Branch,51.0,Engineer,95.0,1.0,2990.05,2
449.18,Debit,Denver,Online,67.0,Retired,50.0,1.0,1025.99,2
1135.8,Debit,San Diego,ATM,30.0,Doctor,250.0,1.0,13534.3,2
297.6,Debit,Milwaukee,Online,39.0,Doctor,162.0,1.0,1461.17,2
683.75,Debit,Las Vegas,Branch,32.0,Doctor,106.0,1.0,6333.72,2
315.94,Debit,Omaha,ATM,78.0,Retired,93.0,1.0,4273.99,2
331.32,Debit,Sacramento,Branch,61.0,Doctor,137.0,5.0,13054.54,0
223.76,Credit,Boston,Branch,74.0,Retired,110.0,1.0,4102.23,1
216.03,Debit,Boston,ATM,42.0,Doctor,300.0,1.0,10462.77,2
17.42,Debit,Dallas,ATM,74.0,Retired,150.0,1.0,6851.31,2
491.91,Debit,Milwaukee,Online,78.0,Retired,155.0,1.0,2421.94,2
218.07,Debit,Austin,Branch,23.0,Student,243.0,1.0,443.62,3
422.14,Credit,Albuquerque,Branch,26.0,Student,109.0,1.0,1436.32,3
613.21,Debit,Tucson,ATM,61.0,Retired,157.0,1.0,3279.12,2
73.83,Debit,Las Vegas,Online,69.0,Doctor,69.0,1.0,6020.29,2
67.33,Debit,Detroit,Online,59.0,Engineer,36.0,1.0,5925.98,2
26.92,Debit,Indianapolis,ATM,62.0,Retired,43.0,1.0,1674.94,2
18.3,Debit,Mesa,Online,48.0,Engineer,155.0,1.0,3733.52,2
317.94,Debit,Los Angeles,ATM,54.0,Engineer,124.0,1.0,2996.51,2
179.38,Debit,Mesa,Online,40.0,Doctor,173.0,1.0,11666.18,2
13.92,Debit,Los Angeles,ATM,37.0,Engineer,209.0,1.0,2735.84,2
365.43,Debit,Portland,ATM,25.0,Student,176.0,1.0,1073.51,3
263.59,Debit,Dallas,Branch,71.0,Retired,16.0,1.0,6996.35,2
54.8,Debit,Albuquerque,Branch,34.0,Engineer,140.0,1.0,4943.49,2
31.39,Debit,Tucson,ATM,20.0,Student,15.0,1.0,998.49,3
5.71,Debit,Tucson,Branch,21.0,Student,106.0,1.0,1285.42,3
178.39,Debit,Tucson,Online,34.0,Engineer,98.0,1.0,8469.43,2
36.09,Debit,Columbus,Branch,53.0,Doctor,167.0,1.0,12319.26,2
91.77,Debit,Omaha,Branch,51.0,Doctor,174.0,1.0,9240.73,2
137.81,Debit,Detroit,Branch,58.0,Engineer,44.0,1.0,2631.47,2
256.34,Debit,Kansas City,Branch,69.0,Retired,99.0,1.0,7471.63,2
56.11,Debit,Boston,Branch,36.0,Doctor,109.0,1.0,11123.65,2
118.1,Debit,Fort Worth,ATM,50.0,Engineer,50.0,1.0,7976.6,2
137.86,Credit,Sacramento,Online,66.0,Doctor,120.0,1.0,8046.94,1
813.78,Credit,Atlanta,ATM,54.0,Doctor,55.0,1.0,14935.5,1
237.97,Debit,Columbus,ATM,69.0,Doctor,69.0,1.0,13486.15,2
684.96,Debit,Mesa,ATM,21.0,Student,31.0,1.0,526.67,3
878.63,Debit,Columbus,ATM,60.0,Engineer,139.0,1.0,4954.37,2
276.56,Debit,Austin,Branch,68.0,Doctor,15.0,1.0,8942.58,2
8.75,Debit,Louisville,ATM,79.0,Retired,199.0,1.0,4044.62,2
637.48,Debit,Colorado Springs,Online,65.0,Retired,207.0,1.0,4148.85,2
103.15,Debit,San Diego,Branch,51.0,Doctor,179.0,1.0,11388.15,2
505.6,Debit,Denver,Branch,52.0,Retired,183.0,1.0,5347.57,2
371.86,Debit,Miami,ATM,46.0,Doctor,91.0,1.0,1329.45,2
14.26,Debit,Virginia Beach,Branch,50.0,Engineer,37.0,1.0,2475.65,2
13.16,Debit,Mesa,Branch,43.0,Engineer,98.0,1.0,1019.46,2
167.92,Debit,Memphis,ATM,40.0,Doctor,136.0,2.0,14321.73,2
73.01,Debit,Houston,ATM,56.0,Retired,101.0,1.0,2833.12,2
201.5,Credit,Dallas,Online,61.0,Doctor,196.0,1.0,12148.32,1
150.3,Debit,Las Vegas,Online,41.0,Doctor,204.0,1.0,14371.08,2
23.7,Debit,San Francisco,ATM,46.0,Doctor,32.0,1.0,7947.44,2
49.59,Debit,Boston,Branch,48.0,Engineer,147.0,1.0,6037.03,2
720.13,Credit,Omaha,ATM,22.0,Student,96.0,1.0,387.02,3
134.92,Debit,Los Angeles,Online,19.0,Student,101.0,1.0,1081.97,3
116.97,Debit,Oklahoma City,ATM,18.0,Student,299.0,1.0,729.7,3
11.06,Debit,Colorado Springs,ATM,34.0,Engineer,13.0,3.0,2782.21,0
88.29,Credit,Houston,Online,50.0,Engineer,287.0,1.0,5245.93,1
5.81,Debit,Houston,ATM,25.0,Student,222.0,1.0,1290.95,3
103.48,Debit,Baltimore,ATM,32.0,Engineer,33.0,1.0,6494.25,2
156.74,Debit,Oklahoma City,ATM,70.0,Retired,136.0,1.0,4004.35,2
505.14,Debit,Portland,ATM,68.0,Retired,179.0,1.0,2525.47,2
31.06,Debit,Kansas City,ATM,46.0,Doctor,61.0,1.0,11014.25,2
7.61,Debit,Atlanta,ATM,50.0,Doctor,163.0,1.0,6275.0,2
276.16,Credit,Portland,ATM,53.0,Retired,71.0,1.0,1733.34,1
145.77,Debit,Memphis,ATM,68.0,Retired,237.0,1.0,5294.98,2
369.44,Debit,Detroit,Online,34.0,Engineer,19.0,1.0,5018.67,2
558.86,Debit,Austin,ATM,60.0,Doctor,95.0,1.0,9844.32,2
429.15,Debit,Las Vegas,Branch,26.0,Student,218.0,1.0,712.13,3
36.74,Debit,Tucson,Branch,33.0,Doctor,133.0,1.0,6217.58,2
79.14,Credit,Portland,Online,57.0,Retired,22.0,1.0,2229.56,1
132.48,Debit,Charlotte,Branch,36.0,Engineer,101.0,1.0,9313.05,2
136.48,Debit,Charlotte,Online,52.0,Engineer,138.0,4.0,4618.53,0
203.76,Debit,Colorado Springs,Branch,55.0,Retired,37.0,1.0,6747.16,2
750.95,Debit,Chicago,Branch,78.0,Retired,27.0,1.0,5134.37,2
0.84,Debit,Austin,ATM,52.0,Engineer,31.0,1.0,2207.54,2
257.18,Debit,Los Angeles,Online,67.0,Doctor,28.0,1.0,13336.15,2
767.66,Debit,San Jose,ATM,63.0,Doctor,155.0,1.0,1801.69,2
182.29,Debit,San Diego,Online,54.0,Doctor,123.0,1.0,522.39,2
184.51,Credit,Portland,Online,54.0,Doctor,118.0,1.0,9381.64,1
451.31,Debit,Fort Worth,ATM,62.0,Retired,166.0,5.0,2963.29,0
144.1,Debit,Chicago,Branch,57.0,Doctor,30.0,1.0,11523.64,2
72.5,Debit,Fort Worth,ATM,40.0,Doctor,30.0,1.0,12723.62,2
74.11,Credit,Virginia Beach,Online,69.0,Retired,71.0,4.0,3920.11,0
22.15,Debit,Denver,Branch,44.0,Doctor,73.0,1.0,7451.83,2
777.92,Debit,Austin,Branch,62.0,Doctor,97.0,1.0,7061.58,2
790.07,Debit,Miami,Online,28.0,Student,197.0,1.0,985.77,3
767.41,Debit,Fort Worth,ATM,56.0,Doctor,27.0,1.0,12799.34,2
4.58,Credit,Atlanta,Online,21.0,Student,135.0,1.0,811.24,3
49.67,Debit,Atlanta,Online,21.0,Student,146.0,1.0,842.94,3
77.83,Credit,Kansas City,Branch,49.0,Engineer,146.0,1.0,2471.53,1
702.87,Debit,Washington,ATM,19.0,Student,184.0,1.0,1237.5,3
868.05,Credit,San Diego,Online,49.0,Engineer,119.0,1.0,3931.03,1
52.87,Debit,Indianapolis,Branch,24.0,Student,70.0,1.0,960.96,3
179.0,Debit,Houston,ATM,78.0,Retired,121.0,1.0,7310.88,2
1168.26,Credit,Philadelphia,Online,73.0,Retired,37.0,1.0,1385.74,1
384.11,Debit,Fort Worth,ATM,58.0,Retired,12.0,1.0,7902.52,2
227.61,Debit,Houston,Online,71.0,Retired,61.0,1.0,4405.28,2
40.83,Debit,Indianapolis,ATM,48.0,Engineer,24.0,1.0,3944.12,2
484.24,Debit,Raleigh,Branch,67.0,Doctor,77.0,1.0,8042.3,2
301.47,Debit,Colorado Springs,Branch,21.0,Student,291.0,1.0,560.73,3
199.09,Debit,Detroit,Online,70.0,Doctor,89.0,1.0,1658.52,2
515.94,Debit,San Francisco,ATM,29.0,Engineer,37.0,1.0,1389.89,2
41.93,Debit,Fresno,ATM,48.0,Engineer,136.0,1.0,5081.26,2
95.35,Debit,Chicago,Online,21.0,Student,131.0,1.0,1639.9,3
93.14,Debit,Memphis,Online,67.0,Retired,151.0,1.0,5473.82,2
1427.71,Debit,New York,Branch,64.0,Doctor,159.0,1.0,1729.26,2
79.33,Credit,Las Vegas,Online,51.0,Doctor,109.0,1.0,14798.1,1
233.71,Debit,Jacksonville,Online,19.0,Student,297.0,1.0,1231.98,3
14.92,Debit,Las Vegas,Branch,26.0,Engineer,120.0,1.0,6611.26,2
242.17,Debit,Jacksonville,ATM,60.0,Doctor,147.0,1.0,883.72,2
122.98,Debit,Jacksonville,Online,79.0,Retired,228.0,1.0,5055.99,2
129.35,Debit,Las Vegas,ATM,52.0,Engineer,130.0,1.0,7166.88,2
138.33,Debit,Dallas,Online,21.0,Student,69.0,1.0,232.56,3
39.31,Debit,Portland,Online,25.0,Student,178.0,1.0,1236.38,3
91.85,Debit,Seattle,Online,21.0,Student,148.0,1.0,802.09,3
277.7,Debit,Nashville,Branch,58.0,Engineer,107.0,1.0,1423.2,2
114.03,Debit,Portland,ATM,51.0,Doctor,172.0,1.0,13388.56,2
302.63,Credit,San Jose,Branch,27.0,Engineer,10.0,1.0,2801.28,1
31.19,Debit,Charlotte,ATM,52.0,Engineer,74.0,1.0,5545.96,2
112.91,Credit,Tucson,Online,27.0,Engineer,135.0,1.0,4764.48,1
742.26,Debit,San Diego,Online,27.0,Engineer,36.0,1.0,7868.19,2
256.8,Debit,Charlotte,ATM,26.0,Student,80.0,1.0,1128.38,3
378.68,Debit,Fort Worth,ATM,60.0,Doctor,239.0,1.0,7627.04,2
571.93,Debit,Washington,Online,52.0,Retired,119.0,1.0,4026.03,2
26.31,Credit,Austin,Online,77.0,Retired,163.0,1.0,7095.76,1
533.61,Debit,Mesa,Online,48.0,Engineer,115.0,1.0,3656.93,2
428.62,Debit,Raleigh,Branch,55.0,Retired,72.0,1.0,3473.24,2
361.22,Debit,Raleigh,ATM,64.0,Retired,167.0,1.0,7061.73,2
837.29,Debit,Phoenix,Branch,25.0,Student,216.0,1.0,6012.67,3
135.27,Debit,Atlanta,ATM,48.0,Doctor,131.0,1.0,9410.51,2
185.1,Debit,Albuquerque,Branch,53.0,Retired,23.0,1.0,6115.63,2
354.96,Debit,Fort Worth,Online,69.0,Doctor,96.0,1.0,6712.94,2
224.22,Debit,Fresno,Branch,53.0,Doctor,37.0,1.0,8400.87,2
737.1,Debit,Washington,ATM,60.0,Retired,92.0,1.0,4644.19,2
223.22,Debit,Fort Worth,ATM,27.0,Student,96.0,1.0,1734.22,3
557.26,Debit,San Jose,ATM,69.0,Doctor,53.0,1.0,5237.12,2
1496.57,Debit,Memphis,Online,33.0,Engineer,95.0,1.0,969.06,3
27.44,Debit,Boston,ATM,62.0,Retired,164.0,1.0,5950.48,2
310.09,Debit,Detroit,Branch,36.0,Doctor,166.0,1.0,9962.5,2
80.38,Debit,Kansas City,Online,52.0,Doctor,116.0,1.0,9662.88,2
26.1,Credit,Detroit,Branch,66.0,Doctor,115.0,1.0,5243.0,1
845.14,Credit,Oklahoma City,Branch,73.0,Retired,183.0,1.0,1702.65,1
59.73,Debit,Fresno,ATM,27.0,Student,56.0,1.0,800.93,3
758.77,Debit,San Antonio,ATM,60.0,Engineer,114.0,1.0,7231.47,2
301.51,Debit,Charlotte,ATM,22.0,Student,284.0,1.0,1052.31,3
118.06,Credit,Las Vegas,Branch,32.0,Doctor,31.0,1.0,13560.63,1
483.92,Debit,New York,ATM,70.0,Retired,115.0,1.0,3138.0,2
78.93,Debit,Mesa,ATM,38.0,Doctor,145.0,1.0,9916.24,2
36.63,Debit,Miami,ATM,75.0,Retired,261.0,1.0,7941.73,2
87.85,Debit,Colorado Springs,Branch,49.0,Engineer,63.0,1.0,3753.24,2
1001.83,Debit,Philadelphia,Online,31.0,Doctor,55.0,1.0,9733.83,2
705.34,Debit,Washington,Online,59.0,Doctor,124.0,1.0,5003.22,2
146.55,Debit,Virginia Beach,Online,54.0,Retired,124.0,5.0,4087.44,0
116.89,Debit,Columbus,Online,71.0,Retired,226.0,1.0,4880.31,2
106.41,Debit,Los Angeles,Branch,57.0,Retired,87.0,1.0,1310.38,2
1087.9,Debit,Boston,ATM,78.0,Retired,103.0,1.0,2513.51,2
584.41,Debit,Las Vegas,ATM,23.0,Student,41.0,1.0,4475.22,3
584.98,Credit,Chicago,Branch,55.0,Retired,121.0,1.0,6521.05,1
79.21,Debit,Colorado Springs,Branch,56.0,Retired,140.0,1.0,1615.04,2
173.13,Credit,Atlanta,Online,20.0,Student,288.0,1.0,1490.34,3
1225.5,Credit,Las Vegas,Online,50.0,Doctor,109.0,1.0,8611.17,1
422.81,Debit,Los Angeles,Branch,28.0,Student,193.0,1.0,1929.28,3
135.43,Debit,San Jose,ATM,57.0,Retired,92.0,1.0,5315.83,2
308.94,Debit,Los Angeles,Online,25.0,Student,167.0,1.0,1931.66,3
295.93,Debit,Boston,Branch,36.0,Doctor,117.0,1.0,1050.63,2
1512.99,Debit,Philadelphia,Online,19.0,Student,50.0,1.0,9963.39,3
77.44,Debit,Washington,Branch,58.0,Retired,268.0,1.0,1950.63,2
92.5,Credit,Seattle,Online,40.0,Engineer,70.0,1.0,6295.45,1
97.74,Credit,Los Angeles,Online,41.0,Engineer,137.0,1.0,4113.63,1
291.68,Debit,Columbus,ATM,21.0,Student,90.0,1.0,1451.02,3
56.96,Debit,Albuquerque,ATM,22.0,Student,135.0,1.0,1597.85,3
436.8,Debit,Seattle,Online,27.0,Student,92.0,1.0,1256.33,3
259.49,Debit,Austin,Online,72.0,Retired,292.0,1.0,7320.61,2
726.26,Debit,Omaha,Online,57.0,Retired,147.0,1.0,2150.38,2
568.68,Debit,Houston,ATM,72.0,Retired,101.0,1.0,2940.04,2
999.28,Debit,Boston,Online,29.0,Engineer,40.0,1.0,4272.41,2
14.16,Credit,Oklahoma City,Branch,74.0,Retired,290.0,1.0,5399.76,1
1142.83,Credit,Omaha,Branch,61.0,Retired,48.0,1.0,2467.39,1
61.33,Debit,Raleigh,ATM,27.0,Engineer,129.0,1.0,7537.4,2
27.64,Debit,New York,Online,54.0,Engineer,23.0,1.0,7498.51,2
3.85,Debit,San Jose,ATM,29.0,Doctor,32.0,1.0,10506.41,2
431.22,Credit,Austin,Branch,73.0,Retired,129.0,1.0,6505.98,1
178.55,Debit,Houston,Branch,55.0,Engineer,67.0,1.0,7568.4,2
248.76,Debit,Denver,ATM,18.0,Student,56.0,1.0,546.46,3
76.16,Debit,San Francisco,ATM,23.0,Student,99.0,1.0,1072.25,3
347.25,Debit,Indianapolis,ATM,69.0,Doctor,250.0,1.0,7273.55,2
325.98,Debit,Washington,ATM,19.0,Student,277.0,1.0,782.35,3
249.56,Debit,New York,Branch,76.0,Retired,246.0,1.0,4444.95,2
17.43,Debit,Albuquerque,ATM,56.0,Doctor,33.0,1.0,10658.88,2
198.01,Credit,Austin,Branch,26.0,Student,40.0,1.0,250.93,3
585.58,Debit,Raleigh,Branch,23.0,Student,55.0,1.0,1729.02,3
434.67,Credit,Virginia Beach,Online,27.0,Student,124.0,1.0,1298.13,3
510.7,Credit,Nashville,Online,27.0,Student,294.0,1.0,5828.48,1
331.98,Debit,Denver,ATM,74.0,Retired,12.0,1.0,7600.99,2
199.54,Debit,Portland,Online,56.0,Engineer,268.0,1.0,9603.73,2
212.97,Debit,Atlanta,Online,59.0,Engineer,178.0,1.0,4180.4,2
270.56,Debit,Philadelphia,Online,23.0,Student,139.0,1.0,1268.44,3
306.37,Debit,Colorado Springs,ATM,26.0,Engineer,120.0,1.0,9609.67,2
643.02,Credit,Detroit,ATM,38.0,Doctor,85.0,1.0,11989.39,1
98.48,Debit,Miami,Branch,47.0,Engineer,12.0,1.0,9538.92,2
889.01,Debit,Virginia Beach,Online,36.0,Engineer,169.0,1.0,4826.88,2
537.86,Debit,Kansas City,Online,27.0,Student,134.0,1.0,293.06,3
241.18,Debit,Mesa,ATM,25.0,Student,162.0,1.0,1445.53,3
130.54,Debit,Atlanta,ATM,64.0,Doctor,94.0,1.0,11204.62,2
800.29,Credit,San Diego,Branch,20.0,Student,84.0,1.0,693.4,3
8.81,Debit,Dallas,Online,57.0,Doctor,165.0,1.0,13523.65,2
28.52,Debit,Detroit,ATM,20.0,Student,163.0,1.0,662.51,3
431.31,Credit,Atlanta,Online,23.0,Student,99.0,1.0,342.73,3
885.33,Credit,Raleigh,ATM,47.0,Engineer,59.0,1.0,7764.16,1
199.23,Debit,Tucson,ATM,29.0,Engineer,54.0,1.0,9834.0,2
42.26,Debit,Raleigh,ATM,44.0,Doctor,171.0,1.0,268.77,2
166.06,Debit,Indianapolis,ATM,30.0,Engineer,172.0,1.0,5397.68,2
588.37,Debit,Dallas,Online,28.0,Student,284.0,1.0,1926.08,3
72.82,Debit,Houston,Online,68.0,Doctor,127.0,1.0,6911.62,2
162.36,Debit,Tucson,Online,36.0,Engineer,147.0,1.0,7527.04,2
584.82,Credit,Nashville,Online,43.0,Doctor,109.0,1.0,12071.1,1
38.15,Credit,Oklahoma City,Online,72.0,Retired,129.0,1.0,1425.47,1
639.57,Debit,Philadelphia,Branch,60.0,Doctor,43.0,1.0,11726.47,2
58.23,Debit,Phoenix,Online,28.0,Student,34.0,1.0,9189.76,3
776.21,Credit,Raleigh,Online,78.0,Retired,99.0,1.0,4895.87,1
188.61,Debit,Boston,Online,67.0,Retired,26.0,1.0,7167.57,2
675.37,Credit,Jacksonville,Online,56.0,Retired,31.0,1.0,4704.91,1
94.82,Credit,Columbus,Branch,67.0,Retired,56.0,1.0,1267.72,1
425.18,Credit,Fresno,Online,59.0,Engineer,135.0,1.0,5790.55,1
50.28,Debit,Oklahoma City,Branch,60.0,Engineer,65.0,1.0,5729.1,2
70.68,Debit,El Paso,Online,25.0,Student,105.0,1.0,1478.41,3
261.77,Debit,Chicago,Online,28.0,Student,46.0,1.0,824.71,3
183.22,Debit,Milwaukee,ATM,27.0,Student,63.0,1.0,1024.42,3
58.32,Credit,Louisville,Branch,29.0,Engineer,275.0,4.0,6027.49,0
156.86,Debit,Charlotte,ATM,51.0,Doctor,102.0,1.0,14453.35,2
120.67,Debit,Colorado Springs,ATM,42.0,Doctor,233.0,1.0,5374.54,2
308.62,Credit,Sacramento,Branch,59.0,Engineer,101.0,1.0,9148.08,1
506.81,Debit,Milwaukee,ATM,59.0,Engineer,41.0,1.0,2757.23,2
328.39,Debit,New York,ATM,41.0,Engineer,108.0,1.0,2523.83,2
796.3,Debit,Austin,Branch,67.0,Retired,64.0,1.0,1498.79,2
72.47,Debit,Boston,Online,29.0,Doctor,72.0,1.0,1305.56,2
279.6,Debit,Fort Worth,ATM,25.0,Student,131.0,1.0,1910.9,3
304.2,Debit,Indianapolis,Online,25.0,Student,102.0,1.0,423.64,3
351.38,Debit,New York,Branch,64.0,Retired,21.0,1.0,7606.63,2
86.07,Debit,Dallas,Branch,31.0,Doctor,23.0,1.0,842.56,2
604.5,Debit,Portland,ATM,28.0,Student,80.0,1.0,709.42,3
258.7,Debit,Charlotte,ATM,27.0,Student,123.0,1.0,1358.37,3
994.63,Debit,Austin,Online,61.0,Doctor,158.0,1.0,13538.14,2
11.46,Credit,Austin,Branch,75.0,Retired,64.0,1.0,7258.33,1
63.76,Debit,San Antonio,ATM,69.0,Retired,100.0,1.0,4980.26,2
446.83,Credit,Miami,Branch,55.0,Retired,143.0,1.0,1623.5,1
63.54,Debit,Dallas,ATM,26.0,Engineer,136.0,1.0,4401.78,2
81.11,Debit,Charlotte,Online,48.0,Engineer,110.0,1.0,2051.37,2
441.26,Credit,Tucson,Branch,58.0,Doctor,87.0,5.0,13704.92,0
170.96,Debit,Washington,Branch,64.0,Doctor,69.0,1.0,13374.89,2
48.51,Debit,Austin,Branch,22.0,Student,69.0,1.0,3363.23,3
325.03,Debit,Jacksonville,Branch,60.0,Doctor,106.0,1.0,13521.76,2
738.94,Debit,Philadelphia,Branch,41.0,Doctor,173.0,1.0,13856.18,2
180.36,Credit,Oklahoma City,Online,33.0,Engineer,55.0,1.0,9905.23,1
720.46,Debit,Tucson,Branch,54.0,Retired,44.0,1.0,3101.54,2
1116.57,Debit,Tucson,ATM,56.0,Retired,104.0,1.0,1393.14,2
291.46,Debit,Miami,ATM,57.0,Retired,135.0,1.0,7142.53,2
1192.95,Debit,Las Vegas,Branch,23.0,Student,73.0,1.0,325.15,3
98.24,Debit,Mesa,Online,28.0,Student,148.0,1.0,580.66,3
100.48,Credit,Milwaukee,Branch,18.0,Student,104.0,1.0,6149.81,3
45.9,Debit,Columbus,Branch,56.0,Engineer,264.0,1.0,5698.25,2
258.21,Debit,San Antonio,Online,39.0,Doctor,225.0,1.0,9562.41,2
1079.11,Debit,Las Vegas,Online,53.0,Engineer,211.0,1.0,2038.31,2
287.51,Debit,El Paso,Online,22.0,Student,255.0,1.0,187.65,3
501.3,Credit,San Antonio,Online,26.0,Engineer,146.0,1.0,8520.08,1
26.1,Debit,Mesa,ATM,27.0,Student,32.0,1.0,1435.72,3
436.77,Debit,Jacksonville,ATM,20.0,Student,176.0,1.0,825.69,3
1026.46,Debit,Philadelphia,Branch,53.0,Retired,165.0,1.0,3134.47,2
123.35,Credit,Baltimore,Online,31.0,Doctor,10.0,1.0,6852.16,1
139.52,Debit,Portland,Branch,23.0,Student,31.0,1.0,1570.22,3
122.85,Credit,Seattle,Online,47.0,Doctor,127.0,3.0,13185.39,0
2.51,Debit,Baltimore,Online,63.0,Retired,32.0,1.0,4891.56,2
22.62,Debit,Virginia Beach,ATM,64.0,Doctor,102.0,1.0,7682.0,2
126.83,Debit,Austin,Branch,57.0,Retired,39.0,1.0,6100.98,2
46.6,Debit,Detroit,Online,55.0,Doctor,68.0,1.0,1562.9,2
243.8,Debit,San Francisco,Branch,57.0,Doctor,48.0,1.0,13732.81,2
231.51,Credit,Oklahoma City,Branch,60.0,Retired,96.0,1.0,5790.7,1
762.74,Debit,Los Angeles,ATM,64.0,Doctor,244.0,1.0,207.1,2
34.03,Debit,Los Angeles,Branch,57.0,Engineer,38.0,1.0,3077.2,2
101.51,Credit,Tucson,Online,46.0,Engineer,199.0,1.0,3052.47,1
309.42,Debit,Fresno,Branch,27.0,Engineer,42.0,1.0,8564.46,2
257.6,Credit,Fort Worth,Online,59.0,Retired,293.0,1.0,7950.74,1
82.01,Credit,Sacramento,Branch,23.0,Student,156.0,1.0,287.46,3
476.99,Debit,San Diego,Online,23.0,Student,187.0,1.0,1154.48,3
333.39,Debit,Philadelphia,ATM,68.0,Doctor,35.0,1.0,10628.59,2
10.3,Debit,Fresno,ATM,47.0,Engineer,197.0,1.0,7801.32,2
737.46,Credit,Albuquerque,Branch,53.0,Doctor,75.0,4.0,634.16,0
98.95,Debit,Mesa,Branch,75.0,Retired,73.0,1.0,5670.82,2
1154.79,Debit,Columbus,ATM,51.0,Doctor,108.0,1.0,6180.3,2
215.13,Debit,Charlotte,Online,46.0,Engineer,114.0,1.0,3956.69,2
218.57,Credit,Memphis,Branch,62.0,Doctor,102.0,1.0,13869.86,1
341.88,Debit,Austin,ATM,43.0,Engineer,89.0,1.0,4159.52,2
50.43,Debit,San Jose,Branch,32.0,Doctor,51.0,1.0,9794.26,2
440.43,Debit,Colorado Springs,Branch,78.0,Retired,23.0,1.0,5123.24,2
1.98,Debit,Seattle,ATM,66.0,Doctor,170.0,1.0,11619.1,2
173.45,Debit,Philadelphia,ATM,31.0,Engineer,161.0,1.0,9077.62,2
438.76,Debit,San Antonio,Branch,22.0,Student,73.0,1.0,1824.19,3
519.62,Credit,Washington,Online,71.0,Retired,40.0,1.0,4159.33,1
738.68,Debit,Chicago,Online,50.0,Doctor,124.0,1.0,14352.33,2
151.14,Debit,Memphis,Online,64.0,Retired,38.0,1.0,2156.54,2
444.52,Debit,Louisville,Online,27.0,Engineer,17.0,1.0,5424.6,2
5.29,Debit,Indianapolis,Online,52.0,Doctor,276.0,1.0,11263.89,2
97.63,Credit,Milwaukee,Online,48.0,Doctor,127.0,1.0,12467.31,1
256.95,Debit,San Diego,Branch,26.0,Engineer,71.0,1.0,2531.24,2
734.86,Credit,Boston,Branch,48.0,Engineer,290.0,1.0,6242.03,1
1250.94,Debit,Columbus,ATM,36.0,Doctor,107.0,2.0,11565.97,2
84.28,Debit,Memphis,Branch,39.0,Doctor,142.0,1.0,13586.06,2
202.49,Credit,Virginia Beach,ATM,48.0,Engineer,69.0,1.0,7447.1,1
154.99,Debit,Mesa,Branch,25.0,Student,53.0,1.0,1419.31,3
481.53,Debit,Atlanta,Branch,58.0,Retired,277.0,1.0,6142.54,2
172.92,Debit,Miami,Online,20.0,Student,212.0,1.0,416.37,3
275.59,Credit,Philadelphia,Branch,53.0,Retired,238.0,1.0,6313.22,1
207.2,Debit,Columbus,Online,60.0,Engineer,133.0,1.0,8092.94,2
136.82,Debit,Chicago,Branch,31.0,Engineer,14.0,1.0,6229.13,2
624.0,Debit,Houston,Branch,26.0,Engineer,132.0,5.0,4976.18,0
10.15,Debit,Austin,ATM,59.0,Doctor,58.0,5.0,7155.04,0
26.3,Debit,Virginia Beach,ATM,32.0,Doctor,33.0,1.0,7473.73,2
319.5,Credit,Virginia Beach,Branch,29.0,Engineer,69.0,1.0,2366.3,1
182.42,Debit,Kansas City,Branch,51.0,Retired,137.0,1.0,3051.29,2
716.62,Debit,Atlanta,ATM,44.0,Doctor,241.0,1.0,6987.4,2
222.96,Credit,Fresno,ATM,65.0,Doctor,150.0,1.0,7370.41,1
79.77,Debit,San Francisco,ATM,68.0,Retired,167.0,1.0,5010.31,2
592.24,Debit,Tucson,ATM,52.0,Doctor,140.0,1.0,9817.05,2
200.19,Credit,San Antonio,Branch,52.0,Retired,108.0,1.0,4389.96,1
343.88,Debit,Nashville,Online,63.0,Retired,97.0,1.0,6486.18,2
162.1,Debit,Milwaukee,Branch,41.0,Engineer,151.0,1.0,8576.65,2
36.12,Debit,Houston,Online,22.0,Student,234.0,1.0,1593.03,3
354.91,Debit,Boston,ATM,74.0,Retired,191.0,1.0,3872.55,2
38.41,Debit,Denver,ATM,40.0,Doctor,117.0,1.0,9129.68,2
13.3,Debit,San Antonio,ATM,23.0,Student,63.0,1.0,213.0,3
189.65,Debit,Charlotte,ATM,21.0,Student,60.0,1.0,8457.09,3
255.32,Debit,Baltimore,ATM,80.0,Retired,27.0,1.0,6290.62,2
230.51,Credit,Memphis,Branch,51.0,Engineer,56.0,1.0,9522.37,1
237.74,Debit,Tucson,ATM,61.0,Doctor,152.0,1.0,11795.12,2
85.01,Credit,Portland,ATM,25.0,Student,157.0,1.0,1299.4,3
444.47,Debit,San Jose,Online,57.0,Retired,61.0,1.0,6062.94,2
55.98,Credit,Kansas City,Branch,24.0,Student,87.0,1.0,7047.04,3
54.91,Credit,Columbus,ATM,41.0,Engineer,275.0,1.0,7927.27,1
1047.69,Debit,Austin,Online,20.0,Student,139.0,1.0,1889.78,3
393.74,Debit,Charlotte,Online,26.0,Student,90.0,1.0,1769.06,3
515.57,Debit,Columbus,ATM,27.0,Engineer,56.0,1.0,9269.67,2
332.15,Debit,Dallas,ATM,59.0,Doctor,105.0,1.0,9749.46,2
177.94,Debit,Milwaukee,Online,19.0,Student,173.0,1.0,123.24,3
1431.54,Debit,Portland,Online,20.0,Student,84.0,1.0,1171.98,3
240.03,Debit,Atlanta,Online,33.0,Engineer,31.0,1.0,7807.73,2
474.77,Debit,Boston,Online,46.0,Engineer,284.0,1.0,8494.53,2
451.7,Debit,Chicago,Online,29.0,Engineer,103.0,1.0,8994.67,2
243.85,Debit,Omaha,Branch,39.0,Engineer,43.0,1.0,4576.78,2
435.08,Debit,San Francisco,Online,55.0,Engineer,78.0,1.0,2103.41,2
127.78,Debit,Miami,ATM,20.0,Student,170.0,1.0,1046.66,3
23.14,Credit,Mesa,Online,47.0,Doctor,93.0,1.0,10536.54,1
545.87,Debit,Miami,Branch,27.0,Engineer,41.0,1.0,4860.01,2
21.21,Debit,Nashville,Online,55.0,Engineer,37.0,1.0,9575.42,2
423.53,Credit,Kansas City,Branch,50.0,Doctor,81.0,1.0,5453.4,1
114.15,Debit,Atlanta,ATM,19.0,Student,52.0,1.0,1612.4,3
275.98,Credit,Washington,Online,72.0,Retired,67.0,1.0,6151.05,1
590.68,Debit,Washington,Branch,27.0,Student,23.0,1.0,852.2,3
152.42,Debit,San Jose,ATM,42.0,Doctor,176.0,1.0,9141.79,2
395.77,Credit,El Paso,Branch,43.0,Doctor,118.0,1.0,6425.99,1
615.16,Debit,Boston,Online,26.0,Student,140.0,1.0,214.61,3
207.82,Credit,Las Vegas,Online,19.0,Student,30.0,1.0,229.02,3
220.52,Debit,Seattle,ATM,57.0,Retired,152.0,1.0,1793.09,2
281.47,Debit,Philadelphia,ATM,34.0,Engineer,142.0,1.0,4437.48,2
57.91,Credit,Sacramento,Branch,58.0,Engineer,97.0,1.0,3641.06,1
30.48,Credit,Seattle,Branch,32.0,Doctor,78.0,1.0,11481.85,1
1152.58,Debit,Austin,Branch,65.0,Retired,180.0,1.0,7567.17,2
424.47,Debit,Oklahoma City,Online,22.0,Student,116.0,1.0,5491.55,3
228.4,Debit,Omaha,ATM,67.0,Doctor,116.0,1.0,9598.43,2
67.17,Debit,Seattle,Online,63.0,Doctor,48.0,1.0,14410.44,2
118.69,Debit,Omaha,Online,33.0,Doctor,296.0,1.0,749.34,2
221.33,Debit,Louisville,ATM,27.0,Student,276.0,1.0,1185.43,3
252.31,Credit,Seattle,ATM,26.0,Student,172.0,1.0,1584.6,3
433.53,Debit,Philadelphia,Branch,38.0,Doctor,231.0,1.0,6368.32,2
178.26,Debit,Oklahoma City,ATM,59.0,Retired,59.0,1.0,1137.13,2
237.0,Debit,Tucson,Online,49.0,Doctor,115.0,1.0,14021.4,2
1169.59,Debit,New York,Online,28.0,Student,114.0,1.0,5946.45,3
347.63,Credit,Chicago,Online,25.0,Student,272.0,1.0,1400.04,3
517.68,Debit,Omaha,ATM,31.0,Doctor,24.0,1.0,11305.81,2
36.25,Debit,Tucson,Branch,52.0,Doctor,76.0,1.0,193.06,2
46.53,Debit,San Francisco,ATM,42.0,Engineer,34.0,1.0,4468.12,2
207.47,Debit,Miami,ATM,53.0,Doctor,12.0,1.0,1688.9,2
199.7,Debit,Indianapolis,ATM,43.0,Engineer,285.0,1.0,7574.45,2
307.89,Credit,Nashville,Online,62.0,Retired,90.0,1.0,2637.55,1
403.63,Debit,Las Vegas,Branch,31.0,Engineer,167.0,3.0,3304.02,0
20.06,Debit,Memphis,ATM,27.0,Student,144.0,1.0,445.21,3
236.57,Debit,Sacramento,ATM,79.0,Retired,112.0,1.0,3488.77,2
0.32,Debit,Boston,ATM,39.0,Engineer,136.0,1.0,7158.58,2
14.28,Debit,Phoenix,ATM,23.0,Student,81.0,1.0,1597.51,3
232.35,Credit,Atlanta,Branch,33.0,Engineer,153.0,1.0,4186.25,1
317.53,Debit,Miami,Online,44.0,Engineer,104.0,1.0,6237.68,2
74.67,Debit,Indianapolis,ATM,43.0,Engineer,283.0,1.0,3449.35,2
65.01,Credit,Austin,Online,29.0,Doctor,67.0,1.0,10235.19,1
0.45,Debit,Kansas City,Branch,34.0,Engineer,172.0,1.0,8670.23,2
364.13,Debit,Fort Worth,ATM,63.0,Doctor,61.0,1.0,8198.0,2
15.81,Debit,Oklahoma City,Branch,69.0,Doctor,11.0,4.0,8384.85,0
222.66,Debit,Detroit,Online,39.0,Doctor,88.0,1.0,14466.38,2
638.24,Debit,Phoenix,Branch,48.0,Engineer,64.0,1.0,5695.78,2
241.21,Debit,Omaha,ATM,31.0,Engineer,108.0,1.0,1220.86,2
171.16,Debit,New York,Online,51.0,Retired,42.0,1.0,6126.5,2
37.65,Credit,San Jose,Online,27.0,Student,109.0,1.0,411.78,3
25.77,Debit,Memphis,Online,68.0,Retired,18.0,1.0,4331.54,2
789.8,Debit,Jacksonville,ATM,40.0,Doctor,94.0,1.0,13948.09,2
1454.52,Debit,Miami,ATM,27.0,Student,20.0,1.0,1189.03,3
806.97,Debit,Seattle,Online,25.0,Student,11.0,1.0,102.2,3
490.82,Debit,Kansas City,ATM,26.0,Engineer,114.0,1.0,8704.27,2
1021.38,Debit,Detroit,Branch,61.0,Doctor,125.0,1.0,6223.26,2
311.28,Debit,Atlanta,Branch,49.0,Doctor,198.0,1.0,135.96,2
85.03,Debit,San Diego,ATM,51.0,Retired,48.0,1.0,4597.57,2
307.75,Debit,Detroit,Branch,64.0,Doctor,63.0,1.0,1061.58,2
333.67,Debit,Fort Worth,Online,36.0,Engineer,68.0,1.0,9238.08,2
589.89,Debit,Jacksonville,Branch,56.0,Engineer,213.0,3.0,9404.63,0
372.08,Debit,Houston,Branch,66.0,Doctor,63.0,1.0,13330.74,2
502.9,Credit,Fresno,Online,26.0,Student,141.0,1.0,341.24,3
103.81,Debit,Oklahoma City,ATM,36.0,Doctor,34.0,1.0,7044.63,2
69.43,Debit,Las Vegas,ATM,30.0,Engineer,162.0,1.0,9281.85,2
110.4,Credit,San Diego,ATM,56.0,Doctor,62.0,1.0,8639.36,1
251.8,Debit,Mesa,ATM,62.0,Doctor,102.0,1.0,11796.66,2
334.07,Debit,New York,Branch,59.0,Engineer,200.0,1.0,7306.79,2
52.44,Debit,Raleigh,Online,27.0,Student,87.0,1.0,3157.75,3
1030.85,Debit,San Diego,ATM,25.0,Student,39.0,1.0,1941.8,3
141.37,Debit,Denver,Online,46.0,Engineer,77.0,1.0,1019.77,2
211.7,Credit,Chicago,Online,50.0,Doctor,205.0,1.0,12272.78,1
61.4,Debit,San Jose,Branch,41.0,Engineer,20.0,2.0,7892.87,2
308.23,Debit,Las Vegas,ATM,60.0,Retired,23.0,1.0,4150.63,2
111.41,Debit,Chicago,Branch,21.0,Student,181.0,1.0,1204.11,3
675.49,Debit,Charlotte,ATM,61.0,Retired,159.0,1.0,1893.0,2
294.61,Debit,Omaha,Branch,60.0,Retired,74.0,1.0,7375.59,2
106.43,Credit,Phoenix,ATM,52.0,Engineer,164.0,1.0,9403.12,1
381.52,Debit,Seattle,Online,36.0,Doctor,79.0,1.0,5798.92,2
1142.76,Credit,Houston,Online,25.0,Student,71.0,1.0,1498.93,3
5.66,Debit,Fresno,Branch,40.0,Engineer,33.0,1.0,5434.64,2
209.09,Debit,Virginia Beach,ATM,48.0,Doctor,203.0,1.0,9100.81,2
521.81,Debit,Virginia Beach,ATM,47.0,Engineer,34.0,1.0,4750.96,2
588.36,Debit,Charlotte,Online,33.0,Engineer,134.0,1.0,8434.99,2
146.67,Debit,Albuquerque,Online,20.0,Student,273.0,1.0,1569.75,3
176.52,Credit,San Diego,Online,73.0,Retired,94.0,5.0,7132.08,0
57.34,Debit,Atlanta,Online,27.0,Student,81.0,1.0,1100.64,3
294.77,Debit,Philadelphia,Online,77.0,Retired,101.0,1.0,2272.17,2
162.59,Debit,Indianapolis,Branch,64.0,Retired,19.0,1.0,7104.83,2
56.15,Debit,Nashville,Branch,31.0,Doctor,77.0,1.0,13265.92,2
524.55,Debit,El Paso,ATM,39.0,Doctor,175.0,1.0,8292.75,2
535.4,Debit,San Diego,Branch,23.0,Student,110.0,1.0,651.84,3
56.84,Debit,Raleigh,ATM,45.0,Engineer,185.0,1.0,7977.78,2
124.05,Credit,Albuquerque,Branch,61.0,Doctor,220.0,1.0,7009.54,1
802.89,Debit,Chicago,ATM,19.0,Student,175.0,1.0,1973.63,3
193.16,Debit,Charlotte,ATM,64.0,Retired,109.0,1.0,2304.56,2
541.52,Credit,Indianapolis,Branch,48.0,Engineer,161.0,1.0,6087.24,1
20.17,Debit,San Antonio,ATM,77.0,Retired,86.0,1.0,3869.37,2
35.98,Credit,Nashville,Branch,40.0,Doctor,133.0,1.0,11147.34,1
273.24,Debit,Fresno,Branch,51.0,Retired,173.0,1.0,2202.21,2
663.45,Debit,Albuquerque,ATM,67.0,Retired,147.0,1.0,5897.29,2
343.86,Debit,Charlotte,Branch,57.0,Engineer,70.0,1.0,3278.65,2
69.38,Debit,Detroit,Branch,69.0,Doctor,280.0,2.0,12072.11,2
75.43,Debit,Fresno,ATM,77.0,Retired,266.0,1.0,1441.86,2
86.79,Debit,Fort Worth,Branch,33.0,Doctor,166.0,1.0,8795.37,2
1105.88,Debit,Omaha,ATM,34.0,Engineer,36.0,1.0,2636.32,2
14.1,Debit,Louisville,Branch,45.0,Engineer,73.0,1.0,6949.21,2
63.33,Credit,Louisville,Branch,23.0,Student,124.0,1.0,792.33,3
606.27,Debit,Louisville,Branch,29.0,Doctor,42.0,1.0,9668.78,2
4.47,Debit,Baltimore,Branch,27.0,Student,132.0,1.0,1381.75,3
338.69,Debit,Virginia Beach,Branch,18.0,Student,169.0,1.0,1137.89,3
97.73,Debit,Sacramento,Branch,69.0,Doctor,156.0,1.0,7885.21,2
27.61,Credit,Fort Worth,ATM,54.0,Retired,26.0,1.0,3679.64,1
284.17,Debit,Memphis,ATM,51.0,Retired,189.0,1.0,3479.56,2
76.21,Debit,Los Angeles,Branch,22.0,Student,69.0,1.0,664.93,3
584.51,Debit,Denver,ATM,74.0,Retired,76.0,1.0,3254.56,2
432.18,Debit,Las Vegas,Branch,18.0,Student,162.0,1.0,678.83,3
134.55,Debit,San Jose,Online,59.0,Doctor,165.0,1.0,14852.42,2
61.66,Debit,Sacramento,ATM,26.0,Student,86.0,1.0,5705.4,3
12.35,Debit,Fresno,Branch,25.0,Student,22.0,1.0,1846.85,3
213.25,Debit,San Francisco,Branch,25.0,Student,63.0,1.0,677.79,3
34.93,Debit,Columbus,Branch,31.0,Engineer,72.0,1.0,2810.37,2
335.68,Debit,Tucson,Online,24.0,Student,142.0,1.0,1188.95,3
423.96,Debit,San Diego,ATM,43.0,Doctor,75.0,1.0,8374.38,2
361.38,Credit,Milwaukee,Online,72.0,Retired,71.0,3.0,4972.92,0
220.82,Debit,Louisville,Branch,42.0,Engineer,31.0,1.0,4298.13,2
406.12,Debit,Houston,ATM,42.0,Doctor,106.0,1.0,10501.53,2
427.83,Debit,Phoenix,ATM,47.0,Engineer,29.0,1.0,3293.06,2
21.9,Debit,Phoenix,ATM,28.0,Student,30.0,1.0,1052.27,3
393.68,Debit,San Diego,ATM,55.0,Doctor,141.0,1.0,10135.88,2
281.91,Debit,Denver,Branch,25.0,Student,269.0,1.0,225.53,3
239.85,Debit,Tucson,ATM,70.0,Retired,50.0,1.0,1477.63,2
237.84,Debit,Nashville,Branch,26.0,Student,16.0,1.0,8932.39,3
459.29,Credit,Kansas City,Online,64.0,Retired,109.0,1.0,1006.12,1
196.49,Debit,Oklahoma City,Branch,41.0,Engineer,65.0,1.0,7516.56,2
21.23,Debit,Virginia Beach,ATM,23.0,Student,103.0,4.0,319.18,0
95.23,Debit,Denver,Online,20.0,Student,60.0,3.0,966.88,0
344.87,Debit,Houston,Branch,58.0,Retired,25.0,1.0,7447.44,2
129.62,Credit,San Jose,ATM,23.0,Student,124.0,1.0,620.28,3
16.53,Debit,Houston,ATM,21.0,Student,220.0,1.0,707.95,3
277.02,Credit,Denver,ATM,46.0,Doctor,227.0,1.0,8586.38,1
13.02,Debit,Charlotte,Branch,51.0,Doctor,42.0,1.0,6076.45,2
199.02,Debit,Memphis,ATM,22.0,Student,185.0,1.0,793.63,3
684.5,Debit,Fort Worth,Branch,29.0,Doctor,76.0,1.0,6258.63,2
1173.74,Credit,Virginia Beach,Online,61.0,Doctor,61.0,1.0,10456.24,1
45.92,Debit,Nashville,ATM,26.0,Student,23.0,1.0,544.56,3
761.73,Debit,Columbus,ATM,19.0,Student,27.0,1.0,151.28,3
331.38,Debit,Miami,ATM,42.0,Engineer,122.0,1.0,844.55,2
602.8,Debit,Baltimore,Branch,60.0,Retired,173.0,1.0,7417.69,2
64.12,Credit,Indianapolis,Branch,57.0,Doctor,222.0,1.0,1029.09,1
94.64,Credit,New York,ATM,28.0,Student,144.0,1.0,586.76,3
155.56,Credit,Austin,Branch,19.0,Student,64.0,1.0,129.79,3
301.39,Credit,Denver,Online,47.0,Doctor,104.0,1.0,10548.58,1
136.31,Debit,Nashville,Online,74.0,Retired,65.0,1.0,4384.95,2
4.39,Debit,Philadelphia,ATM,26.0,Student,63.0,1.0,1429.61,3
429.25,Debit,Seattle,Online,29.0,Engineer,107.0,1.0,5019.68,2
138.54,Credit,Austin,Branch,60.0,Engineer,93.0,1.0,8274.77,1
33.03,Debit,Washington,Branch,21.0,Student,28.0,1.0,935.88,3
76.39,Debit,Sacramento,Online,30.0,Doctor,80.0,1.0,11584.32,2
25.32,Debit,Oklahoma City,ATM,19.0,Student,25.0,1.0,1642.34,3
330.91,Debit,Kansas City,ATM,36.0,Engineer,28.0,1.0,6481.35,2
153.55,Debit,Denver,Online,37.0,Doctor,16.0,1.0,5619.91,2
217.61,Debit,Omaha,Online,27.0,Student,120.0,1.0,1661.1,3
131.69,Credit,Denver,Branch,53.0,Engineer,59.0,1.0,2958.43,1
953.17,Debit,Raleigh,Online,60.0,Retired,84.0,1.0,3506.11,2
68.49,Debit,Nashville,Online,67.0,Retired,49.0,1.0,6683.31,2
1493.0,Debit,Colorado Springs,ATM,69.0,Retired,151.0,1.0,1619.16,2
470.62,Debit,Tucson,Branch,57.0,Doctor,127.0,1.0,12470.62,2
385.35,Debit,Miami,Branch,38.0,Doctor,269.0,1.0,5184.13,2
275.87,Debit,Seattle,ATM,25.0,Student,112.0,1.0,1697.58,3
90.94,Credit,Colorado Springs,ATM,63.0,Retired,56.0,1.0,3896.08,1
206.25,Debit,Baltimore,ATM,74.0,Retired,56.0,1.0,3651.07,2
116.76,Debit,Philadelphia,ATM,51.0,Engineer,212.0,1.0,4480.43,2
91.5,Debit,Omaha,ATM,47.0,Doctor,77.0,1.0,667.66,2
489.31,Debit,Louisville,Branch,43.0,Engineer,36.0,1.0,5595.22,2
1664.33,Debit,San Antonio,Branch,18.0,Student,65.0,1.0,1588.31,3
414.49,Credit,Phoenix,Online,58.0,Doctor,108.0,1.0,12709.58,1
28.38,Debit,Tucson,Branch,45.0,Doctor,260.0,1.0,8892.62,2
456.05,Debit,Detroit,Branch,68.0,Doctor,20.0,1.0,11729.51,2
54.84,Debit,Kansas City,Online,52.0,Retired,124.0,1.0,3495.51,2
29.92,Credit,Denver,Online,68.0,Doctor,63.0,1.0,7855.01,1
133.06,Debit,Las Vegas,Online,35.0,Engineer,143.0,1.0,8843.44,2
468.32,Debit,Fresno,Online,69.0,Retired,152.0,1.0,4710.04,2
245.62,Debit,San Antonio,Branch,23.0,Student,127.0,1.0,1879.82,3
981.9,Credit,Baltimore,Online,43.0,Doctor,112.0,1.0,9018.33,1
83.6,Debit,San Jose,ATM,47.0,Doctor,192.0,1.0,13899.24,2
331.22,Credit,Oklahoma City,Branch,61.0,Doctor,161.0,1.0,12613.25,1
57.49,Credit,Detroit,Online,24.0,Student,177.0,1.0,765.15,3
157.56,Debit,Indianapolis,Branch,43.0,Doctor,159.0,1.0,7541.16,2
230.3,Debit,Colorado Springs,Online,46.0,Engineer,24.0,1.0,8356.88,2
305.92,Debit,El Paso,ATM,72.0,Retired,88.0,1.0,1445.47,2
942.7,Debit,Boston,Online,35.0,Engineer,29.0,1.0,5141.32,2
116.33,Debit,Fresno,Branch,27.0,Student,144.0,1.0,1696.15,3
537.71,Credit,Mesa,Online,19.0,Student,175.0,1.0,1806.08,3
538.17,Credit,Washington,Branch,27.0,Engineer,252.0,1.0,5908.04,1
219.44,Debit,Washington,Online,42.0,Engineer,23.0,1.0,4207.27,2
58.77,Debit,Memphis,Online,27.0,Engineer,191.0,1.0,7261.7,2
403.01,Debit,Washington,Online,63.0,Doctor,286.0,3.0,10513.52,0
719.76,Debit,San Francisco,Branch,19.0,Student,190.0,1.0,690.52,3
163.22,Debit,Miami,Online,26.0,Student,217.0,1.0,1788.27,3
291.22,Credit,Baltimore,Online,41.0,Engineer,100.0,1.0,3677.63,1
56.52,Debit,Omaha,ATM,42.0,Engineer,152.0,1.0,6911.2,2
195.8,Debit,Raleigh,Online,39.0,Doctor,186.0,1.0,12027.68,2
66.76,Credit,Austin,Branch,36.0,Doctor,44.0,1.0,184.72,1
106.99,Debit,Omaha,Branch,38.0,Engineer,152.0,1.0,5771.4,2
655.81,Debit,Omaha,ATM,55.0,Retired,164.0,2.0,4539.99,2
107.1,Credit,Philadelphia,Online,25.0,Student,175.0,1.0,193.8,3
79.92,Debit,Miami,ATM,44.0,Engineer,274.0,2.0,9138.76,2
235.34,Debit,Washington,Branch,26.0,Student,68.0,1.0,566.83,3
86.35,Credit,Indianapolis,Branch,52.0,Retired,24.0,1.0,1550.48,1
337.99,Debit,Colorado Springs,ATM,70.0,Doctor,115.0,1.0,9038.63,2
577.13,Credit,San Jose,Branch,40.0,Engineer,66.0,1.0,6640.51,1
213.33,Debit,Omaha,ATM,52.0,Retired,161.0,1.0,5400.44,2
883.92,Credit,Tucson,Online,53.0,Retired,129.0,1.0,2342.64,1
69.8,Credit,New York,Branch,27.0,Student,138.0,1.0,136.77,3
768.94,Debit,Indianapolis,Branch,64.0,Retired,53.0,1.0,6860.18,2
179.62,Debit,Tucson,Online,24.0,Student,119.0,1.0,409.26,3
425.91,Debit,Jacksonville,ATM,23.0,Student,47.0,1.0,383.58,3
263.34,Debit,Denver,ATM,64.0,Retired,55.0,1.0,2411.02,2
113.03,Credit,Tucson,Online,36.0,Doctor,12.0,1.0,6756.13,1
11.02,Debit,Austin,Online,42.0,Doctor,42.0,1.0,7879.66,2
865.17,Debit,Houston,Branch,24.0,Student,161.0,1.0,9297.5,3
152.0,Debit,Albuquerque,ATM,51.0,Engineer,63.0,1.0,7531.43,2
270.39,Debit,Jacksonville,ATM,25.0,Student,104.0,1.0,899.15,3
261.45,Credit,Oklahoma City,Online,50.0,Engineer,96.0,1.0,6735.74,1
99.98,Credit,Washington,Online,73.0,Retired,152.0,1.0,3037.97,1
400.69,Debit,Las Vegas,Online,32.0,Engineer,26.0,1.0,9040.33,2
411.47,Debit,Fort Worth,ATM,26.0,Student,120.0,1.0,796.63,3
204.63,Debit,Las Vegas,Online,52.0,Engineer,92.0,1.0,9199.52,2
421.56,Debit,San Jose,Online,53.0,Engineer,144.0,1.0,8037.87,2
193.38,Debit,Memphis,ATM,18.0,Student,285.0,1.0,1081.79,3
377.04,Debit,Chicago,ATM,34.0,Engineer,64.0,1.0,3812.87,2
54.1,Credit,Boston,Branch,28.0,Engineer,17.0,1.0,940.91,1
18.1,Debit,Louisville,ATM,57.0,Retired,66.0,1.0,6474.34,2
408.62,Credit,Fort Worth,Online,48.0,Engineer,159.0,1.0,2498.48,1
162.1,Debit,Baltimore,Branch,64.0,Doctor,221.0,1.0,9578.74,2
165.31,Debit,Boston,ATM,49.0,Doctor,28.0,1.0,7346.66,2
267.48,Debit,Albuquerque,ATM,21.0,Student,159.0,2.0,811.86,3
856.9,Debit,New York,Branch,36.0,Engineer,150.0,1.0,8579.69,2
271.22,Credit,Louisville,ATM,45.0,Doctor,87.0,1.0,6863.02,1
307.68,Credit,Detroit,Online,75.0,Retired,162.0,1.0,2052.84,1
348.17,Debit,El Paso,ATM,21.0,Student,181.0,1.0,1887.84,3
557.78,Credit,Phoenix,Branch,26.0,Student,102.0,1.0,1289.48,3
325.6,Debit,Dallas,ATM,69.0,Doctor,88.0,1.0,13777.1,2
235.83,Credit,Memphis,Online,53.0,Engineer,169.0,1.0,4120.75,1
603.54,Debit,Albuquerque,Online,44.0,Doctor,26.0,1.0,10517.47,2
270.25,Debit,Tucson,ATM,31.0,Engineer,42.0,1.0,5414.97,2
123.38,Debit,Sacramento,Online,59.0,Doctor,40.0,1.0,13542.41,2
577.12,Debit,Virginia Beach,ATM,39.0,Engineer,69.0,1.0,5265.88,2
92.24,Debit,Philadelphia,Branch,60.0,Engineer,93.0,1.0,6937.48,2
856.21,Credit,Colorado Springs,Branch,33.0,Doctor,109.0,1.0,12690.79,1
251.54,Debit,Tucson,Branch,48.0,Doctor,177.0,1.0,254.75,2
28.63,Debit,San Diego,Branch,56.0,Retired,146.0,1.0,3382.91,2
185.97,Debit,Denver,Online,23.0,Student,19.0,1.0,1776.91,3
243.08,Credit,Jacksonville,Online,24.0,Student,93.0,1.0,131.25,3
12.18,Debit,New York,Branch,76.0,Retired,77.0,1.0,4909.24,2
232.12,Debit,Omaha,ATM,37.0,Engineer,51.0,1.0,6689.87,2
198.62,Credit,Tucson,Branch,27.0,Student,84.0,1.0,1196.07,3
